,12m Low,12m High,Day Low,Day High,Day Price,Previous,Change,Change%,Volume,year,month,day
0,18.5,34.25,16.5,17.0,16.7,16.4,0.3,1.80%,"141,700",2012.0,3.0,1.0
1,18.5,34.25,16.4,16.8,16.55,16.7,-0.15,0.91%,"912,500",2012.0,4.0,1.0
2,18.5,34.25,15.8,16.75,16.15,16.55,-0.4,2.48%,"748,700",2012.0,5.0,1.0
3,18.5,34.25,15.5,16.0,15.8,16.15,-0.35,2.22%,"3,510,000",2012.0,6.0,1.0
4,18.5,34.25,15.8,16.5,15.95,15.8,0.15,0.94%,"1,090,000",2012.0,9.0,1.0
5,18.5,34.25,15.9,16.35,16.0,15.95,0.05,0.31%,"1,320,000",2012.0,10.0,1.0
6,18.5,34.25,15.9,16.0,15.95,16.0,-0.05,0.31%,"464,700",2012.0,11.0,1.0
7,18.5,34.25,15.9,16.0,15.95,15.95,,,"437,400",2012.0,12.0,1.0
8,18.5,34.25,15.9,16.0,15.9,15.95,-0.05,0.31%,"1,010,000",,,
9,18.5,34.25,15.9,15.95,15.9,15.9,,,"176,400",,,
10,18.5,34.25,15.9,15.95,15.9,15.9,,,"1,490,000",,,
11,18.5,34.25,15.9,15.95,15.9,15.9,,,"681,200",,,
12,18.5,34.25,15.9,16.0,15.9,15.9,,,"2,100,000",,,
13,18.5,34.25,15.8,16.1,15.9,15.9,,,"12,700,000",,,
14,18.5,34.25,15.85,16.1,15.95,15.9,0.05,0.31%,"2,230,000",,,
15,18.5,34.25,15.9,16.65,15.95,15.95,,,"8,860,000",,,
16,18.5,34.25,16.0,16.8,16.5,15.95,0.55,3.33%,"4,860,000",,,
17,18.5,34.25,16.3,17.0,16.65,16.5,0.15,0.90%,"6,750,000",,,
18,18.5,34.25,17.0,17.2,17.0,16.65,0.35,2.06%,"15,420,000",,,
19,18.5,34.25,17.3,18.0,17.5,17.0,0.5,2.86%,"407,300",,,
20,18.5,34.25,17.5,18.0,17.7,17.5,0.2,1.13%,"502,800",,,
21,18.5,34.25,17.3,17.8,17.5,17.7,-0.2,1.14%,"3,470,000",2012.0,1.0,2.0
22,18.5,34.25,17.25,17.5,17.3,17.5,-0.2,1.16%,"930,600",2012.0,2.0,2.0
23,18.5,34.25,17.1,17.5,17.3,17.3,,,"133,800",2012.0,3.0,2.0
24,19.5,36.5,17.3,17.5,17.35,17.3,0.05,0.29%,"638,700",2012.0,6.0,2.0
25,19.5,36.5,17.3,17.55,17.45,17.35,0.1,0.57%,"656,500",2012.0,7.0,2.0
26,19.5,36.5,17.55,17.65,17.55,17.45,0.1,0.57%,"385,900",2012.0,8.0,2.0
27,19.5,36.5,17.6,17.85,17.7,17.55,0.15,0.85%,"494,800",2012.0,9.0,2.0
28,19.5,36.5,17.8,18.45,18.05,17.7,0.35,1.94%,"1,230,000",2012.0,10.0,2.0
29,19.5,36.5,18.2,18.95,18.6,18.05,0.55,2.96%,"2,710,000",,,
30,19.5,36.5,18.8,19.0,18.85,18.6,0.25,1.33%,"205,100",,,
31,19.5,36.5,18.9,19.0,18.9,18.85,0.05,0.26%,"403,500",,,
32,19.5,36.5,18.95,19.5,19.0,18.9,0.1,0.53%,"226,600",,,
33,19.5,36.5,19.0,19.3,19.05,19.0,0.05,0.26%,"99,300",,,
34,19.5,36.5,18.95,19.25,19.0,19.05,-0.05,0.26%,"743,300",,,
35,19.5,36.5,18.9,19.05,18.95,19.0,-0.05,0.26%,"631,100",,,
36,19.5,36.5,18.8,19.0,18.95,18.95,,,"905,900",,,
37,19.5,36.5,18.95,19.05,18.95,18.95,,,"1,670,000",,,
38,19.5,36.5,18.95,19.2,19.0,18.95,0.05,0.26%,"756,200",,,
39,19.5,36.5,19.05,19.2,19.1,19.0,0.1,0.52%,"808,100",,,
40,19.5,36.5,19.05,19.25,19.05,19.1,-0.05,0.26%,"2,160,000",,,
41,19.5,36.5,18.8,19.1,18.95,19.05,-0.1,0.53%,"1,310,000",,,
42,19.5,36.5,18.0,18.8,18.5,18.95,-0.45,2.43%,"4,180,000",2012.0,1.0,3.0
43,19.5,36.5,18.65,19.1,18.95,18.5,0.45,2.37%,"9,840,000",2012.0,2.0,3.0
44,19.5,36.5,19.0,19.4,19.05,18.95,0.1,0.52%,"3,350,000",2012.0,5.0,3.0
45,19.5,36.5,19.1,19.6,19.4,19.05,0.35,1.80%,"1,800,000",2012.0,6.0,3.0
46,19.5,36.5,19.4,19.9,19.6,19.4,0.2,1.02%,"1,170,000",2012.0,7.0,3.0
47,19.5,36.5,18.9,19.95,19.45,19.6,-0.15,0.77%,"2,730,000",2012.0,8.0,3.0
48,19.5,36.5,18.55,19.25,19.0,19.45,-0.45,2.37%,"469,800",2012.0,9.0,3.0
49,19.5,36.5,18.5,19.0,18.75,19.0,-0.25,1.33%,"893,500",2012.0,12.0,3.0
50,19.5,36.5,18.5,18.95,18.5,18.75,-0.25,1.35%,"5,220,000",,,
51,19.5,36.5,18.4,18.75,18.5,18.5,,,"5,260,000",,,
52,19.5,36.5,18.25,18.75,18.5,18.5,,,"4,980,000",,,
53,19.5,36.5,17.5,18.75,18.45,18.5,-0.05,0.27%,"5,330,000",,,
54,19.5,36.5,17.05,18.5,17.3,18.45,-1.15,6.65%,"756,000",,,
55,19.5,36.5,17.0,17.5,17.45,17.3,0.15,0.86%,"14,100,000",,,
56,19.5,36.5,17.05,18.0,17.55,17.45,0.1,0.57%,"3,260,000",,,
57,19.5,36.5,18.0,18.75,18.3,17.55,0.75,4.10%,"282,600",,,
58,19.5,36.5,18.5,19.1,18.65,18.3,0.35,1.88%,"5,630,000",,,
59,19.5,36.5,19.0,19.2,19.1,18.65,0.45,2.36%,"382,700",,,
60,19.5,36.5,19.1,19.5,19.3,19.1,0.2,1.04%,"5,250,000",,,
61,19.5,36.5,19.3,19.55,19.45,19.3,0.15,0.77%,"2,030,000",,,
62,19.5,36.5,19.15,19.45,19.2,19.45,-0.25,1.30%,"1,650,000",,,
63,19.5,36.5,19.15,19.3,19.2,19.2,,,"923,400",,,
64,19.5,36.5,19.1,19.3,19.2,19.2,,,"300,400",2012.0,2.0,4.0
65,19.5,36.5,19.25,19.35,19.25,19.2,0.05,0.26%,"477,800",2012.0,3.0,4.0
66,19.5,36.5,19.3,19.5,19.4,19.25,0.15,0.77%,"4,630,000",2012.0,4.0,4.0
67,19.5,36.5,19.4,19.6,19.4,19.4,,,"7,510,000",2012.0,5.0,4.0
68,19.5,36.5,19.5,19.95,19.5,19.4,0.1,0.51%,"2,000,000",2012.0,10.0,4.0
69,19.5,36.5,19.5,19.7,19.55,19.5,0.05,0.26%,"2,120,000",2012.0,11.0,4.0
70,19.5,36.5,19.5,19.6,19.5,19.55,-0.05,0.26%,"5,160,000",2012.0,12.0,4.0
71,19.5,36.5,19.55,20.25,19.95,19.5,0.45,2.26%,"12,490,000",,,
72,19.5,36.5,19.55,20.0,19.75,19.95,-0.2,1.01%,"1,310,000",,,
73,19.5,36.5,19.75,20.0,19.9,19.75,0.15,0.75%,"1,910,000",,,
74,19.5,36.5,19.8,20.0,19.85,19.9,-0.05,0.25%,"892,800",,,
75,19.5,36.5,19.9,20.0,19.9,19.85,0.05,0.25%,"836,300",,,
76,19.5,36.5,19.9,20.0,19.95,19.9,0.05,0.25%,"1,260,000",,,
77,19.5,36.5,19.85,21.0,20.0,19.95,0.05,0.25%,"5,020,000",,,
78,19.5,36.5,21.0,21.75,21.25,20.0,1.25,5.88%,"9,390,000",,,
79,19.5,36.5,20.5,21.25,20.75,21.25,-0.5,2.41%,"2,370,000",,,
80,19.5,36.5,20.5,21.0,20.5,20.75,-0.25,1.22%,"2,850,000",,,
81,19.5,36.5,20.5,21.0,20.75,20.5,0.25,1.20%,"150,600",,,
82,19.5,36.5,20.75,21.0,20.75,20.75,,,"4,900,000",2012.0,2.0,5.0
83,19.5,36.5,20.25,21.0,20.75,20.75,,,"1,080,000",2012.0,3.0,5.0
84,19.5,36.5,20.25,21.0,20.75,20.75,,,"3,500,000",2012.0,4.0,5.0
85,19.5,36.5,20.25,21.0,20.75,20.75,,,"6,780,000",2012.0,7.0,5.0
86,19.5,36.5,20.5,21.0,20.5,20.75,-0.25,1.22%,"447,500",2012.0,8.0,5.0
87,19.5,36.5,20.0,20.75,20.5,20.5,,,"937,900",2012.0,9.0,5.0
88,19.5,36.5,20.0,20.5,20.0,20.5,-0.5,2.50%,"531,800",2012.0,10.0,5.0
89,19.5,36.5,20.0,20.5,20.25,20.0,0.25,1.23%,"546,200",2012.0,11.0,5.0
90,19.5,36.5,20.25,21.0,20.5,20.25,0.25,1.22%,"1,280,000",,,
91,19.5,36.5,20.75,21.0,20.75,20.5,0.25,1.20%,"2,430,000",,,
92,19.5,36.5,20.5,21.0,20.5,20.75,-0.25,1.22%,"3,860,000",,,
93,19.5,36.5,20.25,21.0,20.5,20.5,,,"1,030,000",,,
94,19.5,36.5,20.25,21.0,20.5,20.5,,,"3,230,000",,,
95,19.5,36.5,20.5,21.0,20.5,20.5,,,"2,720,000",,,
96,19.4,36.5,20.5,20.75,20.5,20.5,,,"961,800",,,
97,19.5,36.5,20.5,20.75,20.5,20.5,,,"2,190,000",,,
98,19.5,36.5,20.5,21.0,20.75,20.5,0.25,1.20%,"1,680,000",,,
99,19.5,36.5,21.0,21.5,21.0,20.75,0.25,1.19%,"420,800",,,
100,19.5,36.5,21.0,21.75,21.25,21.0,0.25,1.18%,"742,400",,,
101,19.5,36.5,21.0,21.5,21.0,21.25,-0.25,1.19%,"1,750,000",,,
102,19.5,36.5,21.0,21.5,21.0,21.0,,,"3,950,000",,,
103,19.5,36.5,20.75,21.25,21.0,21.0,,,"1,520,000",,,
104,19.5,36.5,20.5,21.0,20.75,21.0,-0.25,1.20%,"1,310,000",2012.0,4.0,6.0
105,19.5,36.5,20.0,20.75,20.25,20.75,-0.5,2.47%,"262,200",2012.0,5.0,6.0
106,19.5,36.5,20.25,20.75,20.25,20.25,,,"601,100",2012.0,6.0,6.0
107,19.5,36.5,20.25,20.75,20.25,20.25,,,"969,900",2012.0,7.0,6.0
108,19.5,36.5,20.0,20.75,20.25,20.25,,,"2,150,000",2012.0,8.0,6.0
109,19.5,36.5,19.9,20.5,20.0,20.25,-0.25,1.25%,"477,500",2012.0,11.0,6.0
110,19.5,36.5,20.25,20.75,20.25,20.0,0.25,1.23%,"2,310,000",2012.0,12.0,6.0
111,19.5,36.5,20.5,21.5,20.75,20.25,0.5,2.41%,"16,160,000",,,
112,19.5,36.5,21.0,21.75,21.25,20.75,0.5,2.35%,"334,700",,,
113,19.5,36.5,21.5,22.5,21.75,21.25,0.5,2.30%,"1,010,000",,,
114,19.5,36.5,21.75,22.5,22.25,21.75,0.5,2.25%,"1,390,000",,,
115,19.5,36.5,22.5,23.0,22.5,22.25,0.25,1.11%,"1,970,000",,,
116,19.5,36.5,22.75,23.0,22.75,22.5,0.25,1.10%,"1,140,000",,,
117,19.5,36.5,22.75,23.25,22.75,22.75,,,"1,730,000",,,
118,19.5,36.5,22.5,23.0,22.75,22.75,,,"1,020,000",,,
119,19.5,36.5,21.5,22.75,21.75,22.75,-1,4.60%,"1,140,000",,,
120,19.5,36.5,21.0,22.75,21.5,21.75,-0.25,1.16%,"2,330,000",,,
121,19.5,36.5,20.75,21.75,21.0,21.5,-0.5,2.38%,"19,700,000",,,
122,19.5,36.5,21.0,21.5,21.25,21.0,0.25,1.18%,"132,800",,,
123,19.5,36.5,21.25,21.5,21.25,21.25,,,"1,030,000",,,
124,19.5,36.5,21.0,22.0,21.5,21.25,0.25,1.16%,"206,200",2012.0,2.0,7.0
125,19.5,36.5,21.0,22.0,21.25,21.5,-0.25,1.18%,"7,480,000",2012.0,3.0,7.0
126,19.5,36.5,21.25,22.0,21.5,21.25,0.25,1.16%,"5,200,000",2012.0,4.0,7.0
127,19.5,36.5,21.25,22.0,21.25,21.5,-0.25,1.18%,"1,510,000",2012.0,5.0,7.0
128,19.5,36.5,21.25,22.0,21.25,21.25,,,"1,780,000",2012.0,6.0,7.0
129,19.5,36.5,21.0,22.0,21.25,21.25,,,"109,000",2012.0,9.0,7.0
130,19.5,36.5,21.0,22.0,21.25,21.25,,,"337,000",2012.0,10.0,7.0
131,19.5,36.5,21.5,22.0,21.5,21.25,0.25,1.16%,"894,200",2012.0,11.0,7.0
132,19.5,36.5,21.5,22.5,21.5,21.5,,,"3,440,000",2012.0,12.0,7.0
133,19.5,36.5,21.5,22.25,21.5,21.5,,,"115,300",,,
134,19.5,36.5,21.5,21.75,21.5,21.5,,,"1,370,000",,,
135,19.5,36.5,21.5,22.0,21.5,21.5,,,"431,500",,,
136,19.5,36.5,21.5,22.0,21.75,21.5,0.25,1.15%,"189,600",,,
137,19.5,36.5,21.75,22.25,22.0,21.75,0.25,1.14%,"1,880,000",,,
138,19.5,36.5,22.0,22.5,22.0,22.0,,,"327,500",,,
139,19.5,36.5,22.25,22.5,22.25,22.0,0.25,1.12%,"106,900",,,
140,19.5,36.5,22.25,22.75,22.25,22.25,,,"2,070,000",,,
141,19.5,36.5,22.75,23.0,22.75,22.25,0.5,2.20%,"3,660,000",,,
142,19.5,36.5,22.5,23.0,22.5,22.75,-0.25,1.11%,"564,100",,,
143,19.5,36.5,22.5,23.0,22.5,22.5,,,"1,170,000",,,
144,19.5,36.5,21.75,22.75,22.25,22.5,-0.25,1.12%,"1,520,000",,,
145,19.4,36.5,21.5,22.0,21.5,22.25,-0.75,3.49%,"686,600",,,
146,19.5,36.5,21.25,21.75,21.25,21.5,-0.25,1.18%,"3,680,000",2012.0,1.0,8.0
147,19.5,36.5,21.25,21.75,21.25,21.25,,,"2,860,000",2012.0,2.0,8.0
148,19.5,36.5,21.0,21.5,21.25,21.25,,,"1,400,000",2012.0,3.0,8.0
149,19.5,36.5,21.0,21.5,21.0,21.25,-0.25,1.19%,"2,370,000",2012.0,6.0,8.0
150,19.5,36.5,21.0,21.5,21.25,21.0,0.25,1.18%,"1,160,000",2012.0,7.0,8.0
151,19.5,36.5,21.25,21.5,21.25,21.25,,,"5,120,000",2012.0,8.0,8.0
152,19.5,36.5,21.0,21.5,21.25,21.25,,,"7,880,000",2012.0,9.0,8.0
153,19.5,36.5,21.0,21.5,21.0,21.25,-0.25,1.19%,"5,440,000",2012.0,10.0,8.0
154,19.5,36.5,21.0,21.75,21.25,21.0,0.25,1.18%,"2,850,000",,,
155,19.5,36.5,21.25,21.75,21.25,21.25,,,"1,160,000",,,
156,19.5,36.5,21.25,21.5,21.25,21.25,,,"1,680,000",,,
157,19.5,36.5,21.25,21.5,21.25,21.25,,,"363,400",,,
158,19.5,36.5,21.0,21.5,21.25,21.25,,,"6,990,000",,,
159,19.5,36.5,21.0,21.5,21.0,21.25,-0.25,1.19%,"74,900",,,
160,19.5,36.5,21.0,21.25,21.0,21.0,,,"88,600",,,
161,19.5,36.5,21.25,21.75,21.25,21.0,0.25,1.18%,"3,990,000",,,
162,19.5,36.5,21.5,22.0,21.5,21.25,0.25,1.16%,"345,100",,,
163,19.5,36.5,21.5,22.0,21.75,21.5,0.25,1.15%,"778,300",,,
164,19.5,36.5,21.75,22.0,21.75,21.75,,,"533,200",,,
165,19.5,36.5,21.75,22.25,22.0,21.75,0.25,1.14%,"1,540,000",,,
166,19.5,36.5,22.25,23.0,22.25,22.0,0.25,1.12%,"1,850,000",,,
167,19.5,36.5,22.5,23.0,22.5,22.25,0.25,1.11%,"574,800",,,
168,19.5,36.5,22.5,23.25,22.75,22.5,0.25,1.10%,"734,100",2012.0,3.0,9.0
169,19.5,36.5,23.0,23.75,23.5,22.75,0.75,3.19%,"391,400",2012.0,4.0,9.0
170,19.5,36.5,23.0,24.0,23.5,23.5,,,"1,220,000",2012.0,5.0,9.0
171,19.5,36.5,22.0,23.5,22.5,23.5,-1,4.44%,"688,400",2012.0,6.0,9.0
172,19.5,36.5,22.0,23.0,22.25,22.5,-0.25,1.12%,"292,400",2012.0,7.0,9.0
173,19.5,36.5,21.75,23.0,22.25,22.25,,,"1,160,000",2012.0,10.0,9.0
174,19.5,36.5,22.5,23.75,23.0,22.25,0.75,3.26%,"1,510,000",2012.0,11.0,9.0
175,19.5,36.5,23.25,24.0,23.75,23.0,0.75,3.16%,"1,350,000",2012.0,12.0,9.0
176,19.5,36.5,23.5,24.0,23.5,23.75,-0.25,1.06%,"778,100",,,
177,19.5,36.5,23.5,24.25,23.75,23.5,0.25,1.05%,"2,240,000",,,
178,19.5,36.5,23.5,24.0,23.75,23.75,,,"514,300",,,
179,19.5,36.5,23.5,24.25,23.75,23.75,,,"1,400,000",,,
180,19.5,36.5,23.0,24.0,23.75,23.75,,,"1,920,000",,,
181,19.5,36.5,23.0,23.75,23.5,23.75,-0.25,1.06%,"2,420,000",,,
182,19.5,36.5,23.0,23.75,23.25,23.5,-0.25,1.08%,"2,980,000",,,
183,19.5,36.5,23.5,23.75,23.5,23.25,0.25,1.06%,"1,300,000",,,
184,19.5,36.5,23.5,23.75,23.5,23.5,,,"612,300",,,
185,19.5,36.5,23.5,24.0,23.5,23.5,,,"2,740,000",,,
186,19.5,36.5,22.5,23.75,23.25,23.5,-0.25,1.08%,"3,640,000",,,
187,19.5,36.5,22.5,23.5,23.25,23.25,,,"379,400",,,
188,19.5,36.5,22.5,23.0,22.75,23.25,-0.5,2.20%,"1,280,000",2012.0,1.0,10.0
189,19.5,36.5,22.5,23.0,22.75,22.75,,,"106,200",2012.0,2.0,10.0
190,19.5,36.5,22.5,23.0,22.5,22.75,-0.25,1.11%,"4,710,000",2012.0,3.0,10.0
191,19.5,36.5,22.75,23.5,23.0,22.5,0.5,2.17%,"378,700",2012.0,4.0,10.0
192,19.5,36.5,23.0,23.75,23.5,23.0,0.5,2.13%,"3,080,000",2012.0,5.0,10.0
193,19.5,36.5,23.25,23.5,23.25,23.5,-0.25,1.08%,"1,720,000",2012.0,8.0,10.0
194,19.5,36.5,23.0,23.5,23.0,23.25,-0.25,1.09%,"592,900",2012.0,9.0,10.0
195,19.5,36.5,23.0,23.25,23.0,23.0,,,"5,200,000",2012.0,10.0,10.0
196,19.5,36.5,23.0,23.5,23.0,23.0,,,"2,370,000",2012.0,11.0,10.0
197,19.5,36.5,23.25,23.5,23.25,23.0,0.25,1.08%,"119,300",2012.0,12.0,10.0
198,19.5,36.5,23.0,24.0,23.5,23.25,0.25,1.06%,"1,030,000",,,
199,19.5,36.5,23.0,23.75,23.5,23.5,,,"1,050,000",,,
200,19.5,36.5,23.25,24.0,23.75,23.5,0.25,1.05%,"2,970,000",,,
201,19.5,36.5,23.75,24.25,24.0,23.75,0.25,1.04%,"3,560,000",,,
202,19.5,36.5,23.5,24.25,23.75,24.0,-0.25,1.05%,"4,880,000",,,
203,19.5,36.5,23.25,24.0,23.25,23.75,-0.5,2.15%,"6,030,000",,,
204,19.5,36.5,23.5,24.0,23.5,23.25,0.25,1.06%,"2,820,000",,,
205,19.0,34.25,23.0,23.5,23.25,23.5,-0.25,1.08%,"2,090,000",,,
206,19.0,34.25,23.0,23.5,23.25,23.5,-0.25,1.08%,"2,090,000",,,
207,19.0,34.25,23.25,23.75,23.5,23.25,0.25,1.06%,"7,050,000",,,
208,19.0,34.25,23.5,24.0,23.75,23.5,0.25,1.05%,"450,500",,,
209,19.0,34.25,23.75,24.5,24.0,23.75,0.25,1.04%,"1,890,000",,,
210,19.0,34.25,24.25,25.0,24.25,24.0,0.25,1.03%,"2,150,000",,,
211,19.0,34.25,24.0,24.5,24.25,24.25,,,"3,040,000",2012.0,1.0,11.0
212,19.0,34.25,23.75,24.5,24.0,24.25,-0.25,1.04%,"4,330,000",2012.0,2.0,11.0
213,19.0,34.25,23.75,24.5,24.25,24.0,0.25,1.03%,"1,330,000",2012.0,5.0,11.0
214,19.0,34.25,24.0,24.75,24.25,24.25,,,"2,810,000",2012.0,6.0,11.0
215,19.0,34.25,24.25,24.75,24.5,24.25,0.25,1.02%,"6,080,000",2012.0,7.0,11.0
216,19.0,34.25,24.25,24.5,24.25,24.5,-0.25,1.03%,"534,600",2012.0,8.0,11.0
217,19.0,34.25,24.25,24.75,24.25,24.25,,,"173,700",2012.0,9.0,11.0
218,19.0,34.25,24.25,24.75,24.25,24.25,,,"78,800",2012.0,12.0,11.0
219,19.0,34.25,24.25,25.0,24.5,24.25,0.25,1.02%,"4,530,000",,,
220,19.0,34.25,24.5,25.25,24.75,24.5,0.25,1.01%,"985,000",,,
221,19.0,34.25,24.75,25.25,25.0,24.75,0.25,1.00%,"1,170,000",,,
222,19.0,34.25,24.75,25.25,24.75,25.0,-0.25,1.01%,"86,200",,,
223,19.0,34.25,24.5,25.0,24.5,24.75,-0.25,1.02%,"3,490,000",,,
224,19.0,34.25,24.25,24.75,24.25,24.5,-0.25,1.03%,"3,090,000",,,
225,19.0,34.25,24.0,24.5,24.25,24.25,,,"4,590,000",,,
226,19.0,34.25,22.25,24.0,23.5,24.25,-0.75,3.19%,"6,290,000",,,
227,19.0,34.25,23.25,24.5,24.0,23.5,0.5,2.08%,"4,100,000",,,
228,19.0,34.25,23.75,24.5,23.75,24.0,-0.25,1.05%,"1,890,000",,,
229,19.0,34.25,24.0,24.5,24.0,23.75,0.25,1.04%,"1,550,000",,,
230,19.0,34.25,24.0,24.5,24.25,24.0,0.25,1.03%,"2,010,000",,,
231,19.0,34.25,23.5,24.25,23.75,24.25,-0.5,2.11%,"971,800",,,
232,19.0,34.25,23.25,23.75,23.25,23.75,-0.5,2.15%,"33,700",,,
233,19.0,34.25,22.75,23.75,23.0,23.25,-0.25,1.09%,"522,400",2012.0,3.0,12.0
234,19.0,34.25,23.0,23.5,23.0,23.0,,,"1,110,000",2012.0,4.0,12.0
235,19.0,34.25,23.0,23.5,23.0,23.0,,,"2,140,000",2012.0,5.0,12.0
236,19.0,34.25,23.0,23.5,23.0,23.0,,,"1,230,000",2012.0,6.0,12.0
237,19.0,34.25,23.0,23.5,23.25,23.0,0.25,1.08%,"628,200",2012.0,7.0,12.0
238,19.0,34.25,23.0,23.75,23.5,23.25,0.25,1.06%,"408,100",2012.0,10.0,12.0
239,19.0,34.25,23.0,23.75,23.25,23.5,-0.25,1.08%,"1,710,000",2012.0,11.0,12.0
240,19.0,34.25,23.25,24.0,23.5,23.25,0.25,1.06%,"7,570,000",,,
241,19.0,34.25,23.0,23.75,23.25,23.5,-0.25,1.08%,"2,410,000",,,
242,19.0,34.25,23.25,23.75,23.25,23.25,,,"667,400",,,
243,19.0,34.25,23.25,23.75,23.5,23.25,0.25,1.06%,"668,800",,,
244,19.0,34.25,23.5,23.75,23.5,23.5,,,"153,800",,,
245,19.0,34.25,23.5,24.25,23.75,23.5,0.25,1.05%,"1,950,000",,,
246,19.0,34.25,23.0,24.0,23.5,23.75,-0.25,1.06%,"424,300",,,
247,19.0,34.25,23.5,24.0,23.5,23.5,,,"488,300",,,
248,19.0,34.25,23.5,24.0,23.75,23.5,0.25,1.05%,"216,700",,,
249,19.0,34.25,23.75,24.0,23.75,23.75,,,"692,200",,,
250,19.0,34.25,23.75,24.0,23.75,23.75,,,"251,900",,,
251,19.5,36.5,185.0,193.0,189.0,176.0,13,6.88%,"28,300",2009.0,2.0,1.0
252,19.55,36.5,171.0,185.0,174.0,189.0,-15,8.62%,"68,600",2009.0,5.0,1.0
253,19.55,36.5,164.0,176.0,168.0,174.0,-6,3.57%,"89,900",2009.0,6.0,1.0
254,19.55,36.5,156.0,168.0,162.0,168.0,-6,3.70%,"84,400",2009.0,7.0,1.0
255,19.55,36.5,159.0,175.0,167.0,162.0,5,2.99%,"75,200",2009.0,8.0,1.0
256,19.55,36.5,167.0,172.0,170.0,167.0,3,1.76%,"32,800",2009.0,9.0,1.0
257,19.55,36.5,160.0,170.0,165.0,170.0,-5,3.03%,"108,300",2009.0,12.0,1.0
258,19.55,36.5,160.0,180.0,164.0,165.0,-1,0.61%,"76,000",,,
259,19.55,36.5,161.0,169.0,164.0,164.0,,,"30,500",,,
260,19.55,36.5,164.0,170.0,165.0,164.0,1,0.61%,"38,100",,,
261,19.55,36.5,165.0,170.0,168.0,165.0,3,1.79%,"326,300",,,
262,19.55,36.5,165.0,170.0,166.0,168.0,-2,1.20%,"110,600",,,
263,19.55,36.5,160.0,169.0,166.0,166.0,,,"127,400",,,
264,19.55,36.5,164.0,168.0,164.0,166.0,-2,1.22%,"119,900",,,
265,19.55,36.5,156.0,165.0,160.0,164.0,-4,2.50%,"65,600",,,
266,19.55,36.5,156.0,160.0,159.0,160.0,-1,0.63%,"18,500",,,
267,19.55,36.5,158.0,162.0,159.0,159.0,,,"266,900",,,
268,19.55,36.5,157.0,160.0,159.0,159.0,,,"22,600",,,
269,19.55,36.5,155.0,160.0,159.0,159.0,,,"50,700",,,
270,19.55,36.5,158.0,160.0,159.0,159.0,,,"53,200",,,
271,19.5,36.5,152.0,159.0,156.0,159.0,-3,1.92%,"65,900",,,
272,19.5,36.5,150.0,155.0,153.0,156.0,-3,1.96%,"38,600",2009.0,2.0,2.0
273,19.55,36.5,139.0,151.0,142.0,153.0,-11,7.75%,"394,900",2009.0,3.0,2.0
274,19.5,36.5,140.0,145.0,141.0,142.0,-1,0.71%,"26,900",2009.0,2.0,4.0
275,19.55,36.5,141.0,150.0,148.0,141.0,7,4.73%,"430,400",2009.0,5.0,2.0
276,19.55,36.5,147.0,150.0,148.0,148.0,,,"63,500",2009.0,6.0,2.0
277,19.55,36.5,145.0,150.0,147.0,148.0,-1,0.68%,"43,500",2009.0,9.0,2.0
278,19.55,36.5,140.0,147.0,145.0,147.0,-2,1.38%,"21,500",2009.0,10.0,2.0
279,19.55,36.5,140.0,145.0,142.0,145.0,-3,2.11%,"25,700",2009.0,11.0,2.0
280,19.55,36.5,142.0,150.0,145.0,142.0,3,2.07%,"173,700",2009.0,12.0,2.0
281,19.55,36.5,150.0,165.0,152.0,145.0,7,4.61%,"228,300",,,
282,19.55,36.5,146.0,153.0,150.0,152.0,-2,1.33%,"104,900",,,
283,19.55,36.5,145.0,150.0,147.0,150.0,-3,2.04%,"116,500",,,
284,19.55,36.5,135.0,145.0,139.0,147.0,-8,5.76%,"98,700",,,
285,19.55,36.5,126.0,140.0,135.0,139.0,-4,2.96%,"53,200",,,
286,19.55,36.5,122.0,131.0,124.0,135.0,-11,8.87%,"45,100",,,
287,19.55,36.5,122.0,135.0,124.0,124.0,,,"20,500",,,
288,19.55,36.5,122.0,130.0,125.0,124.0,1,0.80%,"62,100",,,
289,19.55,36.5,119.0,125.0,121.0,125.0,-4,3.31%,"84,100",,,
290,19.55,36.5,115.0,120.0,118.0,121.0,-3,2.54%,"19,700",,,
291,19.5,36.5,109.0,115.0,113.0,118.0,-5,4.42%,"29,400",,,
292,19.55,36.5,102.0,110.0,105.0,113.0,-8,7.62%,"88,900",2009.0,2.0,3.0
293,19.55,36.5,95.0,102.0,96.0,105.0,-9,9.38%,"404,100",2009.0,3.0,3.0
294,19.55,36.5,93.0,99.5,95.0,96.0,-1,1.05%,"134,500",2009.0,4.0,3.0
295,19.55,36.5,93.0,95.0,94.0,95.0,-1,1.06%,"59,700",2009.0,5.0,3.0
296,19.55,36.5,93.0,97.0,93.5,94.0,-0.5,0.53%,"327,000",2009.0,6.0,3.0
297,19.55,36.5,94.0,99.0,95.0,93.5,1.5,1.58%,"260,400",2009.0,9.0,3.0
298,19.55,36.5,98.0,104.0,99.0,95.0,4,4.04%,"77,700",2009.0,10.0,3.0
299,19.55,36.5,101.0,108.0,103.0,99.0,4,3.88%,"59,100",2009.0,11.0,3.0
300,19.55,36.5,113.0,113.0,113.0,103.0,10,8.85%,"20,500",2009.0,12.0,3.0
301,19.5,36.5,123.0,124.0,123.0,113.0,10,8.13%,"67,900",,,
302,19.55,36.5,111.0,135.0,130.0,123.0,7,5.38%,"148,700",,,
303,19.5,36.5,124.0,143.0,131.0,130.0,1,0.76%,"171,400",,,
304,19.55,36.5,130.0,135.0,132.0,131.0,1,0.76%,"71,100",,,
305,19.55,36.5,128.0,140.0,130.0,132.0,-2,1.54%,"349,000",,,
306,19.5,36.5,126.0,133.0,128.0,130.0,-2,1.56%,"86,900",,,
307,19.55,36.5,121.0,128.0,123.0,128.0,-5,4.07%,"170,000",,,
308,19.55,36.5,122.0,125.0,123.0,123.0,,,"113,200",,,
309,19.55,36.5,121.0,130.0,125.0,123.0,2,1.60%,"102,600",,,
310,19.5,36.5,13.0,20.0,13.7,125.0,-111.3,812.41%,"374,400",,,
311,19.55,36.5,13.95,15.05,14.5,13.7,0.8,5.52%,"267,800",,,
312,19.55,36.5,15.95,15.95,15.95,14.5,1.45,9.09%,"103,200",,,
313,19.55,36.5,16.5,17.5,17.4,15.95,1.45,8.33%,"1,080,000",,,
314,19.55,36.5,17.0,19.1,17.75,17.4,0.35,1.97%,"1,490,000",2009.0,1.0,4.0
315,19.55,36.5,17.0,19.0,17.85,17.75,0.1,0.56%,"1,460,000",2009.0,2.0,4.0
316,19.55,36.5,17.1,18.25,17.8,17.85,-0.05,0.28%,"1,190,000",2009.0,3.0,4.0
317,19.55,36.5,18.0,18.5,18.15,17.8,0.35,1.93%,"1,060,000",2009.0,6.0,4.0
318,19.5,36.5,18.3,18.5,18.45,18.15,0.3,1.63%,"443,000",2009.0,7.0,4.0
319,19.5,36.5,17.0,18.3,17.95,18.45,-0.5,2.79%,"454,700",2009.0,8.0,4.0
320,19.55,36.5,16.2,16.2,16.2,17.95,-1.75,10.80%,"645,400",2009.0,9.0,4.0
321,19.55,36.5,14.6,14.6,14.6,16.2,-1.6,10.96%,"195,500",,,
322,19.55,36.5,13.15,13.15,13.15,14.6,-1.45,11.03%,"355,700",,,
323,19.55,36.5,11.85,13.15,11.85,13.15,-1.3,10.97%,"1,450,000",,,
324,19.55,36.5,11.6,13.0,12.1,11.85,0.25,2.07%,"8,760,000",,,
325,19.5,36.5,12.1,13.0,12.9,12.1,0.8,6.20%,"3,240,000",,,
326,19.55,36.5,12.85,13.5,13.0,12.9,0.1,0.77%,"5,030,000",,,
327,19.55,36.5,13.0,13.8,13.1,13.0,0.1,0.76%,"1,170,000",,,
328,19.55,36.5,13.7,14.4,14.0,13.1,0.9,6.43%,"2,650,000",,,
329,19.5,36.5,13.9,14.5,14.0,14.0,,,"3,980,000",,,
330,19.55,36.5,13.9,14.2,14.05,14.0,0.05,0.36%,"2,170,000",,,
331,19.55,36.5,13.3,14.15,13.9,14.05,-0.15,1.08%,"1,400,000",,,
332,19.5,36.5,13.1,14.0,13.5,13.9,-0.4,2.96%,"905,500",,,
333,19.55,36.5,13.2,13.8,13.55,13.5,0.05,0.37%,"1,100,000",,,
334,19.55,36.5,13.55,13.75,13.6,13.55,0.05,0.37%,"1,100,000",2009.0,4.0,5.0
335,19.55,36.5,12.3,14.0,13.75,13.6,0.15,1.09%,"3,420,000",2009.0,5.0,5.0
336,19.55,36.5,13.8,14.0,13.85,13.75,0.1,0.72%,"991,400",2009.0,6.0,5.0
337,19.55,36.5,13.8,13.95,13.85,13.85,,,"2,120,000",2009.0,7.0,5.0
338,19.55,36.5,13.9,14.0,13.9,13.85,0.05,0.36%,"2,660,000",2009.0,8.0,5.0
339,19.55,36.5,13.9,14.05,13.95,13.9,0.05,0.36%,"1,450,000",2009.0,11.0,5.0
340,19.55,36.5,14.0,14.2,14.05,13.95,0.1,0.71%,"312,300",2009.0,12.0,5.0
341,19.55,36.5,14.0,14.35,14.1,14.05,0.05,0.35%,"421,400",,,
342,19.55,36.5,14.05,14.5,14.15,14.1,0.05,0.35%,"522,500",,,
343,19.55,36.5,14.05,14.2,14.1,14.15,-0.05,0.35%,"500,400",,,
344,19.55,36.5,14.0,14.2,14.0,14.1,-0.1,0.71%,"742,600",,,
345,19.5,36.5,13.85,14.1,13.95,14.0,-0.05,0.36%,"1,720,000",,,
346,19.55,36.5,13.85,14.0,13.9,13.95,-0.05,0.36%,"2,140,000",,,
347,19.55,36.5,13.85,14.0,13.9,13.9,,,"583,500",,,
348,19.55,36.5,13.7,14.0,13.8,13.9,-0.1,0.72%,"1,380,000",,,
349,19.5,36.5,13.65,13.95,13.7,13.8,-0.1,0.73%,"1,570,000",,,
350,19.55,36.5,13.7,13.8,13.7,13.7,,,"1,650,000",,,
351,19.55,36.5,13.7,14.0,13.85,13.7,0.15,1.08%,"2,230,000",,,
352,19.55,36.5,13.9,14.0,13.9,13.85,0.05,0.36%,"1,430,000",,,
353,19.5,36.5,13.7,14.0,13.9,13.9,,,"357,000",,,
354,19.55,36.5,13.9,14.0,13.95,13.9,0.05,0.36%,"1,470,000",2009.0,2.0,6.0
355,19.55,36.5,13.9,14.0,13.9,13.95,-0.05,0.36%,"470,800",2009.0,3.0,6.0
356,19.55,36.5,13.9,14.05,13.95,13.9,0.05,0.36%,"2,220,000",2009.0,4.0,6.0
357,19.55,36.5,13.95,14.0,13.95,13.95,,,"1,420,000",2009.0,5.0,6.0
358,19.55,36.5,13.5,14.0,13.95,13.95,,,"1,760,000",2009.0,8.0,6.0
359,19.5,36.5,13.95,14.0,13.95,13.95,,,"725,900",2009.0,9.0,6.0
360,19.55,36.5,13.9,14.0,13.95,13.95,,,"4,560,000",2009.0,10.0,6.0
361,19.55,36.5,13.95,14.1,13.95,13.95,,,"2,520,000",2009.0,11.0,6.0
362,19.55,36.5,13.9,14.1,13.95,13.95,,,"1,860,000",2009.0,12.0,6.0
363,19.55,36.5,13.8,14.0,13.9,13.95,-0.05,0.36%,"1,190,000",,,
364,19.55,36.5,13.8,14.0,13.9,13.9,,,"2,270,000",,,
365,19.55,36.5,13.9,14.2,14.0,13.9,0.1,0.71%,"1,270,000",,,
366,19.55,36.5,14.15,15.4,14.6,14.0,0.6,4.11%,"812,700",,,
367,19.55,36.5,15.5,16.05,15.95,14.6,1.35,8.46%,"954,300",,,
368,19.55,36.5,15.5,17.5,16.85,15.95,0.9,5.34%,"2,170,000",,,
369,19.55,36.5,15.8,17.0,16.25,16.85,-0.6,3.69%,"5,070,000",,,
370,19.55,36.5,15.8,16.25,15.95,16.25,-0.3,1.88%,"2,690,000",,,
371,19.55,36.5,15.8,16.3,16.0,15.95,0.05,0.31%,"12,570,000",,,
372,19.55,36.5,16.0,16.4,16.25,16.0,0.25,1.54%,"407,400",,,
373,19.55,36.5,16.0,16.5,16.25,16.25,,,"5,380,000",,,
374,19.55,36.5,16.0,17.0,16.2,16.25,-0.05,0.31%,"6,190,000",,,
375,19.55,36.5,16.5,17.35,16.7,16.2,0.5,2.99%,"705,900",2009.0,1.0,7.0
376,19.5,36.5,16.8,18.0,17.0,16.7,0.3,1.76%,"1,060,000",2009.0,2.0,7.0
377,19.55,36.5,17.2,17.5,17.4,17.0,0.4,2.30%,"1,220,000",2009.0,3.0,7.0
378,19.55,36.5,16.5,17.5,17.2,17.4,-0.2,1.16%,"1,150,000",2009.0,6.0,7.0
379,19.55,36.5,16.7,17.2,16.95,17.2,-0.25,1.47%,"366,600",2009.0,7.0,7.0
380,19.55,36.5,16.4,17.0,16.65,16.95,-0.3,1.80%,"968,700",2009.0,8.0,7.0
381,19.5,36.5,16.0,16.7,16.55,16.65,-0.1,0.60%,"497,900",2009.0,9.0,7.0
382,19.55,36.5,16.35,16.8,16.7,16.55,0.15,0.90%,"5,660,000",2009.0,10.0,7.0
383,19.55,36.5,16.05,16.7,16.45,16.7,-0.25,1.52%,"945,200",,,
384,19.55,36.5,16.0,16.45,16.05,16.45,-0.4,2.49%,"1,890,000",,,
385,19.55,36.5,16.05,16.45,16.2,16.05,0.15,0.93%,"904,700",,,
386,19.55,36.5,16.25,16.7,16.4,16.2,0.2,1.22%,"950,300",,,
387,19.55,36.5,16.4,16.8,16.5,16.4,0.1,0.61%,"1,510,000",,,
388,19.55,36.5,16.55,16.8,16.65,16.5,0.15,0.90%,"723,800",,,
389,19.55,36.5,16.6,16.95,16.75,16.65,0.1,0.60%,"285,500",,,
390,19.55,36.5,16.7,16.95,16.75,16.75,,,"1,870,000",,,
391,19.55,36.5,16.4,17.2,17.0,16.75,0.25,1.47%,"1,890,000",,,
392,19.55,36.5,16.85,17.0,16.95,17.0,-0.05,0.29%,"496,000",,,
393,19.55,36.5,16.9,17.0,16.95,16.95,,,"861,100",,,
394,19.55,36.5,16.9,17.1,16.95,16.95,,,"1,110,000",,,
395,19.55,36.5,16.95,17.1,17.0,16.95,0.05,0.29%,"11,720,000",,,
396,19.55,36.5,16.95,17.1,16.95,17.0,-0.05,0.29%,"1,350,000",,,
397,19.4,36.5,16.4,17.1,16.95,16.95,,,"2,330,000",,,
398,19.55,36.5,16.75,17.0,16.8,16.95,-0.15,0.89%,"2,440,000",2009.0,3.0,8.0
399,19.55,36.5,16.7,17.0,16.9,16.8,0.1,0.59%,"3,330,000",2009.0,4.0,8.0
400,19.55,36.5,16.85,17.1,16.95,16.9,0.05,0.29%,"382,700",2009.0,5.0,8.0
401,19.55,36.5,16.95,17.1,17.0,16.95,0.05,0.29%,"1,780,000",2009.0,6.0,8.0
402,19.55,36.5,16.8,17.0,16.95,17.0,-0.05,0.29%,"891,200",2009.0,7.0,8.0
403,19.55,36.5,16.8,17.1,16.95,16.95,,,"2,130,000",2009.0,8.0,10.0
404,19.55,36.5,16.8,17.0,16.9,16.95,-0.05,0.30%,"440,800",2009.0,11.0,8.0
405,19.55,36.5,16.7,17.0,16.8,16.9,-0.1,0.60%,"655,600",2009.0,12.0,8.0
406,19.55,36.5,16.3,16.8,16.5,16.8,-0.3,1.82%,"394,200",,,
407,19.55,36.5,15.5,16.4,16.05,16.5,-0.45,2.80%,"709,600",,,
408,19.55,36.5,15.85,16.2,15.9,16.05,-0.15,0.94%,"2,560,000",,,
409,19.55,36.5,16.0,16.2,16.0,15.9,0.1,0.63%,"1,660,000",,,
410,19.55,36.5,15.5,16.2,15.95,16.0,-0.05,0.31%,"6,400,000",,,
411,19.55,36.5,15.6,15.9,15.8,15.95,-0.15,0.95%,"534,500",,,
412,19.55,36.5,15.6,15.85,15.75,15.8,-0.05,0.32%,"862,700",,,
413,19.55,36.5,15.5,15.75,15.5,15.75,-0.25,1.61%,"1,360,000",,,
414,19.55,36.5,15.0,15.5,15.1,15.5,-0.4,2.65%,"2,940,000",,,
415,19.55,36.5,14.5,15.0,14.65,15.1,-0.45,3.07%,"1,150,000",,,
416,19.55,36.5,14.05,14.5,14.3,14.65,-0.35,2.45%,"805,600",,,
417,19.5,36.5,14.1,14.55,14.35,14.3,0.05,0.35%,"2,580,000",,,
418,19.5,36.5,14.35,15.0,14.55,14.35,0.2,1.37%,"487,900",2009.0,1.0,9.0
419,19.55,36.5,15.1,15.95,15.45,14.55,0.9,5.83%,"1,180,000",2009.0,2.0,9.0
420,19.55,36.5,15.3,15.9,15.6,15.45,0.15,0.96%,"439,100",2009.0,3.0,9.0
421,19.55,36.5,15.0,15.5,15.25,15.6,-0.35,2.30%,"304,000",2009.0,4.0,9.0
422,19.55,36.5,14.6,15.6,15.15,15.25,-0.1,0.66%,"199,300",2009.0,7.0,9.0
423,19.55,36.5,14.85,15.0,14.9,15.15,-0.25,1.68%,"1,050,000",2009.0,8.0,9.0
424,19.55,36.5,14.75,15.0,14.85,14.9,-0.05,0.34%,"242,900",2009.0,9.0,9.0
425,19.55,36.5,14.85,15.0,14.95,14.85,0.1,0.67%,"479,500",2009.0,10.0,9.0
426,19.55,36.5,14.8,15.0,14.9,14.95,-0.05,0.34%,"383,100",2009.0,11.0,9.0
427,19.55,36.5,14.5,15.0,14.6,14.9,-0.3,2.05%,"221,200",,,
428,19.55,36.5,14.5,14.8,14.5,14.6,-0.1,0.69%,"5,300,000",,,
429,19.55,36.5,14.3,14.6,14.5,14.5,,,"716,400",,,
430,19.55,36.5,14.2,14.55,14.35,14.5,-0.15,1.05%,"736,800",,,
431,19.55,36.5,14.25,14.5,14.35,14.35,,,"4,100,000",,,
432,19.55,36.5,14.1,14.4,14.3,14.35,-0.05,0.35%,"4,850,000",,,
433,19.5,36.5,14.0,14.35,14.2,14.3,-0.1,0.70%,"7,850,000",,,
434,19.55,36.5,13.9,14.2,14.0,14.2,-0.2,1.43%,"2,590,000",,,
435,19.55,36.5,14.0,14.25,14.05,14.0,0.05,0.36%,"1,900,000",,,
436,19.5,36.5,13.9,14.25,14.1,14.05,0.05,0.35%,"706,900",,,
437,19.55,36.5,13.9,14.1,14.0,14.1,-0.1,0.71%,"646,000",,,
438,19.55,36.5,13.8,14.1,13.95,14.0,-0.05,0.36%,"1,210,000",,,
439,19.5,36.5,14.0,14.5,14.1,13.95,0.15,1.06%,"1,350,000",2009.0,1.0,10.0
440,19.55,36.5,14.1,14.2,14.15,14.1,0.05,0.35%,"492,100",2009.0,2.0,10.0
441,19.55,36.5,13.95,14.35,14.05,14.15,-0.1,0.71%,"267,000",2009.0,5.0,10.0
442,19.4,36.5,13.9,14.05,13.95,14.05,-0.1,0.72%,"3,040,000",2009.0,6.0,10.0
443,19.55,36.5,13.5,14.0,13.7,13.95,-0.25,1.82%,"824,200",2009.0,7.0,10.0
444,19.55,36.5,13.5,13.9,13.5,13.7,-0.2,1.48%,"1,660,000",2009.0,8.0,10.0
445,19.55,36.5,13.25,14.0,13.4,13.5,-0.1,0.75%,"2,100,000",2009.0,9.0,10.0
446,19.55,36.5,13.2,13.5,13.3,13.4,-0.1,0.75%,"198,000",2009.0,12.0,10.0
447,19.55,36.5,13.2,13.5,13.3,13.3,,,"2,990,000",,,
448,19.55,36.5,13.2,13.35,13.3,13.3,,,"3,970,000",,,
449,19.5,36.5,13.2,13.7,13.4,13.3,0.1,0.75%,"302,900",,,
450,19.55,36.5,13.4,14.5,13.9,13.4,0.5,3.60%,"6,830,000",,,
451,19.55,36.5,14.0,14.65,14.3,13.9,0.4,2.80%,"3,850,000",,,
452,19.55,36.5,14.3,14.5,14.35,14.3,0.05,0.35%,"854,000",,,
453,19.55,36.5,14.35,14.5,14.45,14.35,0.1,0.69%,"320,600",,,
454,19.55,36.5,14.0,14.45,14.35,14.45,-0.1,0.70%,"232,200",,,
455,19.55,36.5,14.0,14.35,14.25,14.35,-0.1,0.70%,"1,690,000",,,
456,19.55,36.5,14.2,14.35,14.25,14.25,,,"6,350,000",,,
457,19.5,36.5,14.2,14.5,14.3,14.25,0.05,0.35%,"2,620,000",,,
458,19.55,36.5,14.4,14.8,14.5,14.3,0.2,1.38%,"134,100",2009.0,2.0,11.0
459,19.55,36.5,14.05,14.6,14.5,14.5,,,"2,270,000",2009.0,3.0,11.0
460,19.55,36.5,14.0,14.5,14.25,14.5,-0.25,1.75%,"860,000",2009.0,4.0,11.0
461,19.55,36.5,14.15,14.5,14.25,14.25,,,"1,690,000",2009.0,5.0,11.0
462,19.55,36.5,14.3,14.9,14.45,14.25,0.2,1.38%,"1,860,000",2009.0,6.0,11.0
463,19.55,36.5,14.4,14.9,14.6,14.45,0.15,1.03%,"1,910,000",2009.0,9.0,11.0
464,19.55,36.5,14.0,14.75,14.4,14.6,-0.2,1.39%,"421,400",2009.0,10.0,11.0
465,19.55,36.5,14.05,14.6,14.4,14.4,,,"174,800",2009.0,11.0,11.0
466,19.5,36.5,13.9,14.5,14.0,14.4,-0.4,2.86%,"1,320,000",2009.0,12.0,11.0
467,19.55,36.5,14.0,14.3,14.25,14.0,0.25,1.75%,"22,890,000",,,
468,19.55,36.5,14.05,14.25,14.1,14.25,-0.15,1.06%,"222,000",,,
469,19.55,36.5,14.0,14.4,14.15,14.1,0.05,0.35%,"1,480,000",,,
470,19.55,36.5,14.0,14.4,14.15,14.15,,,"320,800",,,
471,19.55,36.5,13.9,14.25,14.05,14.15,-0.1,0.71%,"223,200",,,
472,19.55,36.5,13.6,14.1,14.0,14.05,-0.05,0.36%,"46,700",,,
473,19.5,36.5,13.75,14.0,13.9,14.0,-0.1,0.72%,"146,800",,,
474,19.55,36.5,13.8,14.0,13.9,13.9,,,"606,200",,,
475,19.55,36.5,13.7,13.9,13.75,13.9,-0.15,1.09%,"1,530,000",,,
476,19.5,36.5,13.6,13.8,13.65,13.75,-0.1,0.73%,"291,500",,,
477,19.55,36.5,13.5,13.65,13.6,13.65,-0.05,0.37%,"329,600",,,
478,19.55,36.5,13.3,13.7,13.45,13.6,-0.15,1.12%,"867,700",,,
479,19.5,36.5,13.0,13.5,13.1,13.45,-0.35,2.67%,"350,800",2009.0,1.0,12.0
480,19.55,36.5,13.15,13.4,13.2,13.1,0.1,0.76%,"1,330,000",2009.0,2.0,12.0
481,19.55,36.5,13.2,13.65,13.55,13.2,0.35,2.58%,"2,390,000",2009.0,3.0,12.0
482,19.55,36.5,13.5,14.0,13.5,13.55,-0.05,0.37%,"511,800",2009.0,4.0,12.0
483,19.55,36.5,13.4,13.65,13.5,13.5,,,"1,260,000",2009.0,7.0,12.0
484,19.55,36.5,13.5,13.8,13.55,13.5,0.05,0.37%,"366,600",2009.0,8.0,12.0
485,19.5,36.5,13.5,14.0,13.7,13.55,0.15,1.09%,"2,020,000",2009.0,9.0,12.0
486,19.5,36.5,13.5,13.7,13.6,13.7,-0.1,0.74%,"731,300",2009.0,10.0,12.0
487,19.55,36.5,13.5,13.7,13.6,13.6,,,"921,200",2009.0,11.0,12.0
488,19.55,36.5,13.6,13.75,13.7,13.6,0.1,0.73%,"439,200",,,
489,19.55,36.5,13.5,13.8,13.7,13.7,,,"329,600",,,
490,19.55,36.5,13.7,14.0,13.95,13.7,0.25,1.79%,"2,450,000",,,
491,19.55,36.5,13.8,14.0,13.9,13.95,-0.05,0.36%,"692,900",,,
492,19.55,36.5,13.75,14.0,13.85,13.9,-0.05,0.36%,"269,100",,,
493,19.55,36.5,13.7,13.95,13.8,13.85,-0.05,0.36%,"203,700",,,
494,19.55,36.5,13.7,14.0,13.85,13.8,0.05,0.36%,"88,600",,,
495,19.55,36.5,13.7,14.1,13.85,13.85,,,"657,500",,,
496,19.55,36.5,13.75,14.5,14.15,13.85,0.3,2.12%,"125,400",,,
497,19.55,36.5,14.05,14.5,14.3,14.15,0.15,1.05%,"106,900",,,
498,19.55,36.5,14.15,14.5,14.3,14.3,,,"140,300",,,
499,19.55,36.5,14.0,14.5,14.05,14.3,-0.25,1.78%,"1,500,000",,,
500,19.5,36.5,14.0,14.5,14.35,14.05,0.3,2.09%,"342,400",,,
501,19.5,36.5,140.0,145.0,141.0,138.0,3,2.13%,"7,500",2007.0,2.0,1.0
502,19.55,36.5,140.0,150.0,144.0,141.0,3,2.08%,"13,300",2007.0,3.0,1.0
503,19.5,36.5,146.0,157.0,154.0,144.0,10,6.49%,"28,800",2007.0,4.0,1.0
504,19.55,36.5,155.0,170.0,167.0,154.0,13,7.78%,"53,100",2007.0,5.0,1.0
505,19.55,36.5,170.0,185.0,179.0,167.0,12,6.70%,"93,000",2007.0,8.0,1.0
506,19.55,36.5,185.0,202.0,199.0,179.0,20,10.05%,"97,600",2007.0,9.0,1.0
507,19.55,36.5,210.0,222.0,221.0,199.0,22,9.95%,"218,300",2007.0,10.0,1.0
508,19.55,36.5,219.0,244.0,237.0,221.0,16,6.75%,"281,200",2007.0,11.0,1.0
509,19.55,36.5,203.0,220.0,213.0,237.0,-24,11.27%,"44,900",2007.0,12.0,1.0
510,19.55,36.5,190.0,202.0,198.0,213.0,-15,7.58%,"108,900",,,
511,19.55,36.5,178.0,190.0,188.0,198.0,-10,5.32%,"47,700",,,
512,19.55,36.5,170.0,200.0,184.0,188.0,-4,2.17%,"133,500",,,
513,19.5,36.5,190.0,206.0,200.0,184.0,16,8.00%,"165,900",,,
514,19.55,36.5,206.0,226.0,215.0,200.0,15,6.98%,"132,700",,,
515,19.55,36.5,208.0,225.0,214.0,215.0,-1,0.47%,"119,600",,,
516,19.55,36.5,200.0,215.0,211.0,214.0,-3,1.42%,"57,500",,,
517,19.55,36.5,192.0,210.0,205.0,211.0,-6,2.93%,"123,500",,,
518,19.55,36.5,195.0,210.0,207.0,205.0,2,0.97%,"116,200",,,
519,19.55,36.5,208.0,220.0,210.0,207.0,3,1.43%,"303,500",,,
520,19.55,36.5,216.0,233.0,223.0,210.0,13,5.83%,"87,500",,,
521,19.55,36.5,215.0,224.0,217.0,223.0,-6,2.76%,"117,600",,,
522,19.55,36.5,205.0,230.0,213.0,217.0,-4,1.88%,"157,500",,,
523,19.5,36.5,200.0,215.0,203.0,213.0,-10,4.93%,"134,100",2007.0,1.0,2.0
524,19.5,36.5,190.0,205.0,200.0,203.0,-3,1.50%,"64,300",2007.0,2.0,2.0
525,19.55,36.5,195.0,207.0,202.0,200.0,2,0.99%,"191,200",2007.0,5.0,2.0
526,19.55,36.5,202.0,220.0,215.0,202.0,13,6.05%,"155,100",2007.0,6.0,2.0
527,19.55,36.5,214.0,225.0,218.0,215.0,3,1.38%,"224,900",2007.0,7.0,2.0
528,19.55,36.5,220.0,230.0,225.0,218.0,7,3.11%,"196,500",2007.0,8.0,2.0
529,19.55,36.5,227.0,240.0,231.0,225.0,6,2.60%,"102,200",2007.0,9.0,2.0
530,19.55,36.5,240.0,254.0,246.0,231.0,15,6.10%,"559,800",2007.0,12.0,2.0
531,19.55,36.5,225.0,275.0,247.0,246.0,1,0.40%,"213,500",,,
532,19.55,36.5,220.0,245.0,229.0,247.0,-18,7.86%,"98,400",,,
533,19.55,36.5,220.0,229.0,224.0,229.0,-5,2.23%,"94,500",,,
534,19.55,36.5,222.0,235.0,226.0,224.0,2,0.88%,"88,300",,,
535,19.55,36.5,230.0,238.0,234.0,226.0,8,3.42%,"158,400",,,
536,19.55,36.5,225.0,240.0,235.0,234.0,1,0.43%,"136,700",,,
537,19.55,36.5,230.0,240.0,235.0,235.0,,,"142,500",,,
538,19.55,36.5,225.0,236.0,231.0,235.0,-4,1.73%,"152,800",,,
539,19.55,36.5,220.0,230.0,225.0,231.0,-6,2.67%,"68,500",,,
540,19.55,36.5,219.0,230.0,222.0,225.0,-3,1.35%,"65,100",,,
541,19.5,36.5,218.0,220.0,219.0,222.0,-3,1.37%,"69,200",,,
542,19.5,36.5,210.0,220.0,217.0,219.0,-2,0.92%,"154,800",,,
543,19.5,36.5,205.0,220.0,211.0,217.0,-6,2.84%,"40,300",2007.0,1.0,3.0
544,19.55,36.5,218.0,225.0,220.0,211.0,9,4.09%,"67,400",2007.0,2.0,3.0
545,19.5,36.5,220.0,230.0,229.0,220.0,9,3.93%,"42,900",2007.0,5.0,3.0
546,19.55,36.5,229.0,240.0,231.0,229.0,2,0.87%,"47,500",2007.0,6.0,3.0
547,19.55,36.5,220.0,240.0,233.0,231.0,2,0.86%,"81,600",2007.0,7.0,3.0
548,19.55,36.5,230.0,239.0,234.0,233.0,1,0.43%,"36,000",2007.0,8.0,3.0
549,19.55,36.5,230.0,239.0,233.0,234.0,-1,0.43%,"50,700",2007.0,9.0,3.0
550,19.55,36.5,230.0,237.0,235.0,233.0,2,0.85%,"33,500",2007.0,12.0,3.0
551,19.55,36.5,233.0,239.0,237.0,235.0,2,0.84%,"39,500",,,
552,19.55,36.5,238.0,245.0,240.0,237.0,3,1.25%,"110,700",,,
553,19.5,36.5,235.0,241.0,239.0,240.0,-1,0.42%,"90,100",,,
554,19.55,36.5,233.0,238.0,237.0,239.0,-2,0.84%,"55,600",,,
555,19.55,36.5,230.0,238.0,236.0,237.0,-1,0.42%,"99,800",,,
556,19.55,36.5,230.0,236.0,232.0,236.0,-4,1.72%,"119,200",,,
557,19.55,36.5,220.0,235.0,230.0,232.0,-2,0.87%,"54,300",,,
558,19.55,36.5,221.0,235.0,228.0,230.0,-2,0.88%,"58,000",,,
559,19.55,36.5,204.0,226.0,218.0,228.0,-10,4.59%,"65,000",,,
560,19.55,36.5,200.0,226.0,219.0,218.0,1,0.46%,"210,600",,,
561,19.55,36.5,218.0,225.0,220.0,219.0,1,0.45%,"167,400",,,
562,19.55,36.5,222.0,240.0,229.0,220.0,9,3.93%,"62,100",,,
563,19.55,36.5,240.0,258.0,247.0,229.0,18,7.29%,"87,200",,,
564,19.55,36.5,256.0,280.0,270.0,247.0,23,8.52%,"120,000",,,
565,19.55,36.5,264.0,283.0,274.0,270.0,4,1.46%,"216,800",2007.0,2.0,4.0
566,19.55,36.5,270.0,285.0,276.0,274.0,2,0.72%,"98,100",2007.0,3.0,4.0
567,19.55,36.5,255.0,270.0,263.0,276.0,-13,4.94%,"150,100",2007.0,4.0,4.0
568,19.55,36.5,265.0,285.0,274.0,263.0,11,4.01%,"209,800",2007.0,5.0,4.0
569,19.55,36.5,75.5,100.0,80.5,274.0,-193.5,240.37%,"79,700",2007.0,10.0,4.0
570,19.55,36.5,85.0,92.5,88.5,80.5,8,9.04%,"73,500",2007.0,11.0,4.0
571,19.55,36.5,85.0,90.0,88.5,88.5,,,"171,600",2007.0,12.0,4.0
572,19.55,36.5,85.0,90.0,87.0,88.5,-1.5,1.72%,"157,800",,,
573,19.55,36.5,78.0,86.0,83.5,87.0,-3.5,4.19%,"59,300",,,
574,19.55,36.5,75.0,85.0,78.0,83.5,-5.5,7.05%,"399,500",,,
575,19.55,36.5,70.5,76.0,74.5,78.0,-3.5,4.70%,"146,600",,,
576,19.5,36.5,72.0,80.0,75.5,74.5,1,1.32%,"154,000",,,
577,19.55,36.5,75.5,82.5,81.0,75.5,5.5,6.79%,"207,600",,,
578,19.55,36.5,73.0,82.0,79.5,81.0,-1.5,1.89%,"461,300",,,
579,19.55,36.5,81.0,89.5,87.0,79.5,7.5,8.62%,"446,200",,,
580,19.5,36.5,82.0,97.0,92.5,87.0,5.5,5.95%,"552,200",,,
581,19.55,36.5,87.0,97.0,92.5,92.5,,,"369,100",,,
582,19.5,36.5,88.0,94.0,89.5,92.5,-3,3.35%,"352,900",,,
583,19.5,36.5,87.5,92.5,91.0,89.5,1.5,1.65%,"386,500",,,
584,19.55,36.5,83.0,92.0,91.0,91.0,,,"108,600",2007.0,2.0,5.0
585,19.55,36.5,85.0,93.0,89.5,91.0,-1.5,1.68%,"351,600",2007.0,3.0,5.0
586,19.55,36.5,85.0,99.0,90.0,89.5,0.5,0.56%,"688,600",2007.0,4.0,5.0
587,19.55,36.5,84.0,92.0,88.5,90.0,-1.5,1.69%,"742,400",2007.0,7.0,5.0
588,19.55,36.5,86.0,91.5,88.5,88.5,,,"462,100",2007.0,8.0,5.0
589,19.55,36.5,90.0,93.0,91.5,88.5,3,3.28%,"137,600",2007.0,9.0,5.0
590,19.55,36.5,92.0,95.0,92.5,91.5,1,1.08%,"167,200",2007.0,10.0,5.0
591,19.55,36.5,94.0,99.0,96.5,92.5,4,4.15%,"423,300",2007.0,11.0,5.0
592,19.55,36.5,96.5,100.0,98.0,96.5,1.5,1.53%,"251,100",,,
593,19.55,36.5,94.0,99.0,95.5,98.0,-2.5,2.62%,"856,200",,,
594,19.55,36.5,95.0,97.5,95.0,95.5,-0.5,0.53%,"379,200",,,
595,19.5,36.5,96.0,99.0,97.5,95.0,2.5,2.56%,"307,600",,,
596,19.55,36.5,97.0,99.0,98.0,97.5,0.5,0.51%,"171,600",,,
597,19.55,36.5,97.5,100.0,99.0,98.0,1,1.01%,"156,600",,,
598,19.55,36.5,98.0,107.0,102.0,99.0,3,2.94%,"583,300",,,
599,19.55,36.5,104.0,114.0,109.0,102.0,7,6.42%,"359,500",,,
600,19.55,36.5,108.0,119.0,112.0,109.0,3,2.68%,"433,000",,,
601,19.55,36.5,114.0,121.0,118.0,112.0,6,5.08%,"551,400",,,
602,19.55,36.5,111.0,118.0,115.0,118.0,-3,2.61%,"289,700",,,
603,19.55,36.5,105.0,116.0,112.0,115.0,-3,2.68%,"371,100",,,
604,19.55,36.5,104.0,109.0,107.0,112.0,-5,4.67%,"202,500",,,
605,19.5,36.5,107.0,115.0,111.0,107.0,4,3.60%,"325,800",,,
606,19.55,36.5,110.0,120.0,114.0,111.0,3,2.63%,"424,200",2007.0,4.0,6.0
607,19.55,36.5,116.0,125.0,120.0,114.0,6,5.00%,"185,800",2007.0,5.0,6.0
608,19.55,36.5,122.0,134.0,129.0,120.0,9,6.98%,"192,600",2007.0,6.0,6.0
609,19.55,36.5,130.0,141.0,139.0,129.0,10,7.19%,"1,070,000",2007.0,7.0,6.0
610,19.55,36.5,131.0,139.0,134.0,139.0,-5,3.73%,"719,900",2007.0,8.0,6.0
611,19.55,36.5,134.0,139.0,135.0,134.0,1,0.74%,"380,100",2007.0,11.0,6.0
612,19.55,36.5,125.0,135.0,133.0,135.0,-2,1.50%,"419,500",2007.0,12.0,6.0
613,19.5,36.5,125.0,136.0,130.0,133.0,-3,2.31%,"479,300",,,
614,19.55,36.5,132.0,136.0,134.0,130.0,4,2.99%,"427,900",,,
615,19.55,36.5,130.0,135.0,133.0,134.0,-1,0.75%,"343,900",,,
616,19.55,36.5,133.0,139.0,135.0,133.0,2,1.48%,"265,900",,,
617,19.55,36.5,137.0,142.0,139.0,135.0,4,2.88%,"604,900",,,
618,19.55,36.5,134.0,139.0,137.0,139.0,-2,1.46%,"349,900",,,
619,19.55,36.5,134.0,140.0,137.0,137.0,,,"276,200",,,
620,19.5,36.5,135.0,143.0,138.0,137.0,1,0.72%,"314,100",,,
621,19.55,36.5,134.0,139.0,138.0,138.0,,,"134,400",,,
622,19.55,36.5,137.0,139.0,138.0,138.0,,,"285,900",,,
623,19.5,36.5,133.0,145.0,139.0,138.0,1,0.72%,"135,200",,,
624,19.55,36.5,139.0,146.0,143.0,139.0,4,2.80%,"154,900",,,
625,19.5,36.5,141.0,149.0,145.0,143.0,2,1.38%,"127,800",,,
626,19.55,36.5,143.0,150.0,146.0,145.0,1,0.68%,"92,400",2007.0,2.0,7.0
627,19.55,36.5,140.0,150.0,147.0,146.0,1,0.68%,"702,100",2007.0,3.0,7.0
628,19.55,36.5,142.0,147.0,145.0,147.0,-2,1.38%,"273,900",2007.0,4.0,7.0
629,19.5,36.5,138.0,146.0,145.0,145.0,,,"498,900",2007.0,5.0,7.0
630,19.55,36.5,142.0,146.0,144.0,145.0,-1,0.69%,"65,500",2007.0,6.0,7.0
631,19.55,36.5,141.0,146.0,143.0,144.0,-1,0.70%,"106,900",2007.0,9.0,7.0
632,19.55,36.5,143.0,145.0,144.0,143.0,1,0.69%,"199,800",2007.0,10.0,7.0
633,19.55,36.5,136.0,144.0,142.0,144.0,-2,1.41%,"513,200",2007.0,11.0,7.0
634,19.55,36.5,130.0,150.0,133.0,142.0,-9,6.77%,"449,100",2007.0,12.0,7.0
635,19.55,36.5,133.0,142.0,137.0,133.0,4,2.92%,"345,600",,,
636,19.55,36.5,135.0,140.0,137.0,137.0,,,"106,300",,,
637,19.5,36.5,131.0,139.0,135.0,137.0,-2,1.48%,"125,400",,,
638,19.55,36.5,133.0,137.0,134.0,135.0,-1,0.75%,"238,100",,,
639,19.55,36.5,132.0,140.0,135.0,134.0,1,0.74%,"121,900",,,
640,19.55,36.5,130.0,135.0,133.0,135.0,-2,1.50%,"140,900",,,
641,19.55,36.5,122.0,135.0,132.0,133.0,-1,0.76%,"118,900",,,
642,19.55,36.5,127.0,134.0,132.0,132.0,,,"168,300",,,
643,19.55,36.5,127.0,132.0,130.0,132.0,-2,1.54%,"144,200",,,
644,19.55,36.5,128.0,133.0,130.0,130.0,,,"244,600",,,
645,19.55,36.5,130.0,133.0,130.0,130.0,,,"354,800",,,
646,19.55,36.5,127.0,143.0,130.0,130.0,,,"148,300",,,
647,19.55,36.5,128.0,143.0,129.0,130.0,-1,0.78%,"58,300",,,
648,19.5,36.5,120.0,130.0,126.0,129.0,-3,2.38%,"115,400",2007.0,1.0,8.0
649,19.55,36.5,120.0,130.0,125.0,126.0,-1,0.80%,"542,000",2007.0,2.0,8.0
650,19.55,36.5,115.0,126.0,122.0,125.0,-3,2.46%,"132,200",2007.0,3.0,8.0
651,19.55,36.5,112.0,125.0,119.0,122.0,-3,2.52%,"548,200",2007.0,6.0,8.0
652,19.55,36.5,110.0,120.0,115.0,119.0,-4,3.48%,"279,600",2007.0,7.0,8.0
653,19.55,36.5,111.0,120.0,117.0,115.0,2,1.71%,"226,100",2007.0,8.0,8.0
654,19.55,36.5,117.0,121.0,119.0,117.0,2,1.68%,"265,200",2007.0,9.0,8.0
655,19.55,36.5,118.0,122.0,119.0,119.0,,,"812,800",2007.0,10.0,8.0
656,19.55,36.5,122.0,130.0,126.0,119.0,7,5.56%,"503,400",,,
657,19.55,36.5,124.0,130.0,125.0,126.0,-1,0.80%,"419,400",,,
658,19.55,36.5,124.0,130.0,125.0,125.0,,,"304,000",,,
659,19.55,36.5,123.0,130.0,126.0,125.0,1,0.79%,"247,900",,,
660,19.55,36.5,122.0,130.0,125.0,126.0,-1,0.80%,"120,900",,,
661,19.55,36.5,123.0,132.0,126.0,125.0,1,0.79%,"164,000",,,
662,19.55,36.5,125.0,132.0,127.0,126.0,1,0.79%,"72,400",,,
663,19.55,36.5,125.0,129.0,127.0,127.0,,,"243,100",,,
664,19.55,36.5,123.0,128.0,127.0,127.0,,,"168,400",,,
665,19.55,36.5,125.0,130.0,127.0,127.0,,,"452,400",,,
666,19.55,36.5,125.0,131.0,128.0,127.0,1,0.78%,"81,400",,,
667,19.55,36.5,125.0,132.0,130.0,128.0,2,1.54%,"69,900",,,
668,19.55,36.5,127.0,131.0,128.0,130.0,-2,1.56%,"255,900",,,
669,19.55,36.5,123.0,138.0,131.0,128.0,3,2.29%,"164,800",,,
670,19.5,36.5,125.0,134.0,129.0,131.0,-2,1.55%,"92,300",,,
671,19.55,36.5,120.0,128.0,122.0,129.0,-7,5.74%,"288,100",2007.0,3.0,9.0
672,19.55,36.5,116.0,126.0,119.0,122.0,-3,2.52%,"237,300",2007.0,4.0,9.0
673,19.55,36.5,119.0,125.0,122.0,119.0,3,2.46%,"218,700",2007.0,5.0,9.0
674,19.55,36.5,120.0,129.0,123.0,122.0,1,0.81%,"209,600",2007.0,6.0,9.0
675,19.55,36.5,123.0,128.0,125.0,123.0,2,1.60%,"98,700",2007.0,7.0,9.0
676,19.55,36.5,125.0,128.0,126.0,125.0,1,0.79%,"54,500",2007.0,10.0,9.0
677,19.55,36.5,125.0,130.0,128.0,126.0,2,1.56%,"148,500",2007.0,11.0,9.0
678,19.55,36.5,125.0,129.0,128.0,128.0,,,"250,000",2007.0,12.0,9.0
679,19.55,36.5,126.0,130.0,128.0,128.0,,,"183,800",,,
680,19.55,36.5,125.0,130.0,128.0,128.0,,,"324,200",,,
681,19.55,36.5,124.0,128.0,126.0,128.0,-2,1.59%,"99,200",,,
682,19.55,36.5,124.0,128.0,126.0,126.0,,,"67,200",,,
683,19.55,36.5,124.0,128.0,127.0,126.0,1,0.79%,"267,100",,,
684,19.55,36.5,124.0,128.0,125.0,127.0,-2,1.60%,"228,000",,,
685,19.55,36.5,124.0,127.0,125.0,125.0,,,"252,700",,,
686,19.55,36.5,121.0,125.0,124.0,125.0,-1,0.81%,"283,500",,,
687,19.5,36.5,121.0,125.0,122.0,124.0,-2,1.64%,"133,200",,,
688,19.55,36.5,115.0,122.0,120.0,122.0,-2,1.67%,"627,300",,,
689,19.55,36.5,115.0,125.0,117.0,120.0,-3,2.56%,"164,000",,,
690,19.55,36.5,116.0,120.0,117.0,117.0,,,"72,600",,,
691,19.5,36.5,115.0,118.0,116.0,117.0,-1,0.86%,"91,400",2007.0,1.0,10.0
692,19.55,36.5,112.0,116.0,113.0,116.0,-3,2.65%,"181,700",2007.0,2.0,10.0
693,19.55,36.5,108.0,113.0,111.0,113.0,-2,1.80%,"613,800",2007.0,3.0,10.0
694,19.55,36.5,104.0,112.0,108.0,111.0,-3,2.78%,"337,800",2007.0,4.0,10.0
695,19.5,36.5,106.0,110.0,109.0,108.0,1,0.92%,"526,700",2007.0,5.0,10.0
696,19.55,36.5,98.5,108.0,101.0,109.0,-8,7.92%,"61,200",2007.0,8.0,10.0
697,19.5,36.5,95.0,101.0,98.5,101.0,-2.5,2.54%,"108,300",2007.0,9.0,10.0
698,19.55,36.5,96.0,104.0,98.5,98.5,,,"73,200",2007.0,11.0,10.0
699,19.55,36.5,101.0,108.0,105.0,98.5,6.5,6.19%,"83,300",2007.0,12.0,10.0
700,19.55,36.5,108.0,115.0,110.0,105.0,5,4.55%,"102,700",,,
701,19.55,36.5,112.0,121.0,119.0,110.0,9,7.56%,"241,100",,,
702,19.55,36.5,120.0,127.0,123.0,119.0,4,3.25%,"490,800",,,
703,19.55,36.5,115.0,123.0,120.0,123.0,-3,2.50%,"702,400",,,
704,19.55,36.5,118.0,125.0,121.0,120.0,1,0.83%,"562,800",,,
705,19.55,36.5,112.0,118.0,115.0,121.0,-6,5.22%,"51,800",,,
706,19.55,36.5,104.0,117.0,111.0,115.0,-4,3.60%,"68,700",,,
707,19.55,36.5,107.0,114.0,111.0,111.0,,,"156,700",,,
708,19.55,36.5,110.0,120.0,116.0,111.0,5,4.31%,"99,300",,,
709,19.55,36.5,111.0,120.0,114.0,116.0,-2,1.75%,"248,100",,,
710,19.55,36.5,110.0,116.0,114.0,114.0,,,"276,900",,,
711,19.55,36.5,111.0,116.0,114.0,114.0,,,"327,600",,,
712,19.55,36.5,114.0,118.0,114.0,114.0,,,"150,700",,,
713,19.5,36.5,112.0,119.0,116.0,114.0,2,1.72%,"161,900",2007.0,1.0,11.0
714,19.55,36.5,114.0,116.0,115.0,116.0,-1,0.87%,"74,200",2007.0,2.0,11.0
715,19.55,36.5,114.0,117.0,115.0,115.0,,,"44,600",2007.0,5.0,11.0
716,19.55,36.5,115.0,122.0,119.0,115.0,4,3.36%,"326,700",2007.0,6.0,11.0
717,19.55,36.5,117.0,120.0,119.0,119.0,,,"281,900",2007.0,7.0,11.0
718,19.55,36.5,116.0,120.0,118.0,119.0,-1,0.85%,"47,200",2007.0,8.0,11.0
719,19.55,36.5,117.0,119.0,117.0,118.0,-1,0.85%,"121,000",2007.0,9.0,11.0
720,19.55,36.5,115.0,120.0,117.0,117.0,,,"62,000",2007.0,12.0,11.0
721,19.55,36.5,116.0,120.0,118.0,117.0,1,0.85%,"194,600",,,
722,19.55,36.5,118.0,122.0,119.0,118.0,1,0.84%,"146,700",,,
723,19.55,36.5,125.0,149.0,131.0,119.0,12,9.16%,"414,200",,,
724,19.55,36.5,131.0,140.0,134.0,131.0,3,2.24%,"738,000",,,
725,19.55,36.5,135.0,139.0,137.0,134.0,3,2.19%,"333,200",,,
726,19.55,36.5,136.0,139.0,137.0,137.0,,,"290,300",,,
727,19.55,36.5,135.0,140.0,138.0,137.0,1,0.72%,"595,800",,,
728,19.55,36.5,135.0,138.0,137.0,138.0,-1,0.73%,"188,300",,,
729,19.55,36.5,133.0,138.0,136.0,137.0,-1,0.74%,"248,100",,,
730,19.55,36.5,128.0,135.0,130.0,136.0,-6,4.62%,"57,900",,,
731,19.5,36.5,128.0,132.0,130.0,130.0,,,"103,000",,,
732,19.55,36.5,125.0,137.0,128.0,130.0,-2,1.56%,"139,500",,,
733,19.55,36.5,126.0,130.0,129.0,128.0,1,0.78%,"109,000",,,
734,19.5,36.5,129.0,135.0,130.0,129.0,1,0.77%,"325,400",,,
735,19.55,36.5,130.0,136.0,132.0,130.0,2,1.52%,"195,500",2007.0,3.0,12.0
736,19.55,36.5,133.0,137.0,134.0,132.0,2,1.49%,"328,600",2007.0,4.0,12.0
737,19.5,36.5,133.0,136.0,135.0,134.0,1,0.74%,"170,600",2007.0,5.0,12.0
738,19.55,36.5,134.0,137.0,135.0,135.0,,,"564,600",2007.0,6.0,12.0
739,19.55,36.5,135.0,139.0,136.0,135.0,1,0.74%,"413,600",2007.0,7.0,12.0
740,19.55,36.5,134.0,142.0,138.0,136.0,2,1.45%,"273,800",2007.0,10.0,12.0
741,19.55,36.5,138.0,151.0,147.0,138.0,9,6.12%,"735,700",2007.0,11.0,12.0
742,19.55,36.5,140.0,152.0,149.0,147.0,2,1.34%,"263,300",,,
743,19.55,36.5,137.0,147.0,141.0,149.0,-8,5.67%,"120,600",,,
744,19.55,36.5,136.0,144.0,138.0,141.0,-3,2.17%,"236,900",,,
745,19.55,36.5,138.0,149.0,142.0,138.0,4,2.82%,"277,100",,,
746,19.55,36.5,140.0,150.0,148.0,142.0,6,4.05%,"287,800",,,
747,19.55,36.5,145.0,150.0,148.0,148.0,,,"463,200",,,
748,19.5,36.5,147.0,152.0,150.0,148.0,2,1.33%,"805,400",,,
997,19.5,36.5,26.75,27.75,27.0,26.75,0.25,0.93%,"859,100",2011.0,3.0,1.0
998,19.5,36.5,27.25,27.75,27.25,27.0,0.25,0.92%,"1,620,000",2011.0,4.0,1.0
999,19.5,36.5,27.5,28.5,28.0,27.25,0.75,2.68%,"3,190,000",2011.0,5.0,1.0
1000,19.5,36.5,28.25,29.5,29.0,28.0,1,3.45%,"1,350,000",2011.0,6.0,1.0
1001,19.5,36.5,29.0,30.25,29.5,29.0,0.5,1.69%,"8,740,000",2011.0,7.0,1.0
1002,19.5,36.5,29.0,30.0,29.5,29.5,,,"3,730,000",2011.0,10.0,1.0
1003,19.5,36.5,28.75,29.75,29.0,29.5,-0.5,1.72%,"1,240,000",2011.0,11.0,1.0
1004,19.5,36.5,27.75,29.0,28.25,29.0,-0.75,2.65%,"783,100",2011.0,12.0,1.0
1005,19.5,36.5,28.25,29.0,28.75,28.25,0.5,1.74%,"3,110,000",,,
1006,19.5,36.5,28.5,29.5,28.5,28.75,-0.25,0.88%,"2,300,000",,,
1007,19.5,36.5,28.75,29.75,29.25,28.5,0.75,2.56%,"1,210,000",,,
1008,19.5,36.5,29.5,30.25,29.75,29.25,0.5,1.68%,"1,640,000",,,
1009,19.5,36.5,29.75,30.0,29.75,29.75,,,"843,300",,,
1010,19.5,36.5,29.5,30.0,29.75,29.75,,,"851,900",,,
1011,19.5,36.5,29.0,30.0,29.5,29.75,-0.25,0.85%,"533,700",,,
1012,19.5,36.5,29.5,30.0,29.5,29.5,,,"2,850,000",,,
1013,19.5,36.5,29.0,29.75,29.5,29.5,,,"364,600",,,
1014,19.5,36.5,29.0,29.75,29.25,29.5,-0.25,0.85%,"750,300",,,
1015,19.5,36.5,29.0,29.5,29.0,29.25,-0.25,0.86%,"399,100",,,
1016,19.5,36.5,28.75,29.25,29.0,29.0,,,"2,170,000",,,
1017,19.5,36.5,28.75,30.0,29.0,29.0,,,"1,970,000",,,
1018,19.5,36.5,28.5,29.0,28.75,29.0,-0.25,0.87%,"271,400",2011.0,1.0,2.0
1019,19.5,36.5,27.5,28.75,28.0,28.75,-0.75,2.68%,"711,700",2011.0,2.0,2.0
1020,19.5,36.5,27.5,28.5,27.5,28.0,-0.5,1.82%,"330,400",2011.0,3.0,2.0
1021,19.5,36.5,27.5,28.25,27.75,27.5,0.25,0.90%,"1,210,000",2011.0,4.0,2.0
1022,19.5,36.5,27.75,29.0,28.5,27.75,0.75,2.63%,"1,040,000",2011.0,7.0,2.0
1023,19.5,36.5,28.5,28.75,28.5,28.5,,,"408,700",2011.0,8.0,2.0
1024,19.5,36.5,28.5,29.0,28.5,28.5,,,"246,800",2011.0,9.0,2.0
1025,19.5,36.5,28.5,29.0,28.5,28.5,,,"2,310,000",2011.0,10.0,2.0
1026,19.5,36.5,28.5,28.75,28.5,28.5,,,"1,630,000",2011.0,11.0,2.0
1027,19.5,36.5,28.25,28.75,28.25,28.5,-0.25,0.88%,"249,400",,,
1028,19.5,36.5,28.5,29.0,28.5,28.25,0.25,0.88%,"296,000",,,
1029,19.5,36.5,28.5,29.0,28.5,28.5,,,"910,400",,,
1030,19.5,36.5,28.5,28.75,28.5,28.5,,,"289,100",,,
1031,19.5,36.5,28.5,28.75,28.5,28.5,,,"272,500",,,
1032,19.5,36.5,27.75,28.75,28.0,28.5,-0.5,1.79%,"846,400",,,
1033,19.5,36.5,27.75,28.25,27.75,28.0,-0.25,0.90%,"888,500",,,
1034,19.5,36.5,28.0,29.0,28.5,27.75,0.75,2.63%,"1,290,000",,,
1035,19.5,36.5,28.5,29.0,28.5,28.5,,,"2,600,000",,,
1036,19.5,36.5,28.5,29.25,28.75,28.5,0.25,0.87%,"1,110,000",,,
1037,19.5,36.5,28.0,29.0,28.5,28.75,-0.25,0.88%,"1,520,000",,,
1038,19.5,36.5,28.0,28.5,28.25,28.5,-0.25,0.88%,"233,500",2011.0,1.0,3.0
1039,19.5,36.5,27.0,28.5,27.25,28.25,-1,3.67%,"499,400",2011.0,2.0,3.0
1040,19.5,36.5,26.5,28.0,27.0,27.25,-0.25,0.93%,"1,070,000",2011.0,3.0,3.0
1041,19.5,36.5,27.0,28.0,27.25,27.0,0.25,0.92%,"1,510,000",2011.0,4.0,3.0
1042,19.5,36.5,25.0,27.5,26.5,27.25,-0.75,2.83%,"507,400",2011.0,7.0,3.0
1043,19.5,36.5,26.0,26.5,26.0,26.5,-0.5,1.92%,"226,100",2011.0,8.0,3.0
1044,19.5,36.5,24.5,26.0,25.0,26.0,-1,4.00%,"1,600,000",2011.0,9.0,3.0
1045,19.5,36.5,23.5,25.0,24.0,25.0,-1,4.17%,"830,600",2011.0,10.0,3.0
1046,19.5,36.5,24.5,25.0,24.75,24.0,0.75,3.03%,"1,160,000",2011.0,11.0,3.0
1047,19.5,36.5,24.25,25.0,24.75,24.75,,,"1,480,000",,,
1048,19.5,36.5,24.5,25.0,24.5,24.75,-0.25,1.02%,"804,600",,,
1049,19.5,36.5,24.75,25.5,24.75,24.5,0.25,1.01%,"4,190,000",,,
1050,19.5,36.5,25.0,26.0,25.75,24.75,1,3.88%,"1,320,000",,,
1051,19.5,36.5,25.0,26.0,25.25,25.75,-0.5,1.98%,"761,300",,,
1052,19.5,36.5,24.5,25.0,24.5,25.25,-0.75,3.06%,"1,430,000",,,
1053,19.5,36.5,24.5,25.0,24.5,24.5,,,"1,800,000",,,
1054,19.5,36.5,24.5,25.5,25.0,24.5,0.5,2.00%,"703,100",,,
1055,19.5,36.5,24.5,25.0,24.75,25.0,-0.25,1.01%,"3,050,000",,,
1056,19.5,36.5,24.75,25.0,24.75,24.75,,,"1,460,000",,,
1057,19.5,36.5,24.25,25.0,24.75,24.75,,,"377,500",,,
1058,19.5,36.5,24.75,25.25,24.75,24.75,,,"4,220,000",,,
1059,19.5,36.5,24.75,25.25,25.0,24.75,0.25,1.00%,"1,100,000",,,
1060,19.5,36.5,25.0,25.25,25.0,25.0,,,"1,180,000",,,
1061,19.5,36.5,25.0,25.5,25.25,25.0,0.25,0.99%,"3,520,000",2011.0,1.0,4.0
1062,19.5,36.5,25.0,26.0,25.25,25.25,,,"239,800",2011.0,4.0,4.0
1063,19.5,36.5,25.25,25.5,25.25,25.25,,,"252,800",2011.0,5.0,4.0
1064,19.5,36.5,24.5,25.5,25.0,25.25,-0.25,1.00%,"770,400",2011.0,6.0,4.0
1065,19.5,36.5,24.5,25.5,24.75,25.0,-0.25,1.01%,"867,300",2011.0,7.0,4.0
1066,19.5,36.5,25.0,25.75,25.25,24.75,0.5,1.98%,"1,800,000",2011.0,8.0,4.0
1067,19.5,36.5,25.5,25.75,25.5,25.25,0.25,0.98%,"1,270,000",2011.0,11.0,4.0
1068,19.5,36.5,25.75,26.5,25.75,25.5,0.25,0.97%,"2,110,000",2011.0,12.0,4.0
1069,19.5,36.5,26.0,26.5,26.25,25.75,0.5,1.90%,"628,700",,,
1070,19.5,36.5,26.5,27.75,27.0,26.25,0.75,2.78%,"4,380,000",,,
1071,19.5,36.5,27.25,28.0,27.5,27.0,0.5,1.82%,"4,690,000",,,
1072,19.5,36.5,27.0,28.0,27.75,27.5,0.25,0.90%,"3,980,000",,,
1073,19.5,36.5,27.0,27.5,27.0,27.75,-0.75,2.78%,"301,000",,,
1074,19.5,36.5,27.0,27.5,27.0,27.0,,,"641,800",,,
1075,19.5,36.5,26.75,27.5,27.0,27.0,,,"897,800",,,
1076,19.5,36.5,26.75,27.25,27.0,27.0,,,"1,450,000",,,
1077,19.5,36.5,26.5,27.25,27.0,27.0,,,"3,080,000",,,
1078,19.5,36.5,26.0,27.25,26.5,27.0,-0.5,1.89%,"451,500",,,
1079,19.5,36.5,26.75,27.25,27.0,26.5,0.5,1.85%,"2,260,000",,,
1080,19.5,36.5,27.0,27.5,27.0,27.0,,,"2,120,000",2011.0,3.0,5.0
1081,19.5,36.5,26.75,27.25,26.75,27.0,-0.25,0.93%,"1,110,000",2011.0,4.0,5.0
1082,19.5,36.5,26.25,27.0,26.5,26.75,-0.25,0.94%,"180,700",2011.0,5.0,5.0
1083,19.5,36.5,25.75,26.75,26.0,26.5,-0.5,1.92%,"1,800,000",2011.0,6.0,5.0
1084,19.5,36.5,25.75,26.0,25.75,26.0,-0.25,0.97%,"639,600",2011.0,9.0,5.0
1085,19.5,36.5,25.5,26.0,25.75,25.75,,,"3,350,000",2011.0,10.0,5.0
1086,19.5,36.5,25.0,26.0,25.5,25.75,-0.25,0.98%,"5,350,000",2011.0,11.0,5.0
1087,19.5,36.5,25.0,25.5,25.25,25.5,-0.25,0.99%,"4,620,000",2011.0,12.0,5.0
1088,19.5,36.5,25.0,25.5,25.0,25.25,-0.25,1.00%,"2,100,000",,,
1089,19.5,36.5,24.75,25.0,24.75,25.0,-0.25,1.01%,"1,090,000",,,
1090,19.5,36.5,24.75,25.25,24.75,24.75,,,"3,460,000",,,
1091,19.5,36.5,25.0,26.0,25.25,24.75,0.5,1.98%,"4,760,000",,,
1092,19.5,36.5,25.0,26.0,25.0,25.25,-0.25,1.00%,"4,680,000",,,
1093,19.5,36.5,25.0,25.25,25.0,25.0,,,"223,400",,,
1094,19.5,36.5,25.0,25.25,25.0,25.0,,,"785,000",,,
1095,19.5,36.5,24.5,25.25,24.75,25.0,-0.25,1.01%,"4,670,000",,,
1096,19.5,36.5,24.25,25.0,24.5,24.75,-0.25,1.02%,"6,170,000",,,
1097,19.5,36.5,24.25,25.0,24.5,24.5,,,"2,120,000",,,
1098,19.5,36.5,24.25,25.0,24.5,24.5,,,"3,180,000",,,
1099,19.5,36.5,24.5,25.25,24.75,24.5,0.25,1.01%,"1,840,000",,,
1100,19.5,36.5,24.75,25.25,25.0,24.75,0.25,1.00%,"3,890,000",,,
1101,19.5,36.5,24.75,25.25,25.0,25.0,,,"326,500",2011.0,2.0,6.0
1102,19.5,36.5,24.75,25.5,25.0,25.0,,,"5,110,000",2011.0,3.0,6.0
1103,19.5,36.5,24.75,25.25,25.0,25.0,,,"284,400",2011.0,6.0,6.0
1104,19.5,36.5,24.75,25.25,25.0,25.0,,,"1,760,000",2011.0,7.0,6.0
1105,19.5,36.5,25.0,25.5,25.0,25.0,,,"534,700",2011.0,8.0,6.0
1106,19.5,36.5,25.0,25.5,25.25,25.0,0.25,0.99%,"506,100",2011.0,9.0,6.0
1107,19.5,36.5,25.25,25.5,25.25,25.25,,,"1,560,000",2011.0,10.0,6.0
1108,19.5,36.5,25.25,25.75,25.5,25.25,0.25,0.98%,"3,610,000",,,
1109,19.5,36.5,25.5,25.75,25.5,25.5,,,"421,400",,,
1110,19.5,36.5,24.75,25.5,25.0,25.5,-0.5,2.00%,"556,400",,,
1111,19.5,36.5,24.75,25.25,25.0,25.0,,,"3,870,000",,,
1112,19.5,36.5,24.75,25.25,25.0,25.0,,,"2,710,000",,,
1113,19.5,36.5,24.75,25.0,24.75,25.0,-0.25,1.01%,"1,090,000",,,
1114,19.5,36.5,24.75,25.25,25.0,24.75,0.25,1.00%,"3,630,000",,,
1115,19.5,36.5,24.75,25.5,25.0,25.0,,,"672,700",,,
1116,19.5,36.5,25.0,25.5,25.25,25.0,0.25,0.99%,"930,500",,,
1117,19.5,36.5,25.0,25.5,25.25,25.25,,,"432,400",,,
1118,19.5,36.5,25.25,25.5,25.25,25.25,,,"473,400",,,
1119,19.5,36.5,25.25,25.75,25.25,25.25,,,"4,470,000",,,
1120,19.5,36.5,25.0,25.75,25.5,25.25,0.25,0.98%,"1,760,000",,,
1121,19.5,36.5,25.0,26.0,25.75,25.5,0.25,0.97%,"1,880,000",,,
1122,19.5,36.5,25.5,26.0,25.5,25.75,-0.25,0.98%,"1,550,000",2011.0,1.0,7.0
1123,19.5,36.5,25.0,25.5,25.25,25.5,-0.25,0.99%,"5,030,000",2011.0,4.0,7.0
1124,19.5,36.5,25.0,25.5,25.25,25.25,,,"483,500",2011.0,5.0,7.0
1125,19.5,36.5,25.0,25.25,25.0,25.25,-0.25,1.00%,"1,160,000",2011.0,6.0,7.0
1126,19.5,36.5,25.0,25.25,25.0,25.0,,,"2,110,000",2011.0,7.0,7.0
1127,19.5,36.5,23.75,25.0,24.0,25.0,-1,4.17%,"295,900",2011.0,11.0,7.0
1128,19.5,36.5,23.75,24.25,23.75,24.0,-0.25,1.05%,"1,440,000",2011.0,12.0,7.0
1129,19.5,36.5,23.0,24.0,23.25,23.75,-0.5,2.15%,"3,090,000",,,
1130,19.5,36.5,22.75,23.25,23.0,23.25,-0.25,1.09%,"981,500",,,
1131,19.5,36.5,23.0,23.5,23.0,23.0,,,"1,330,000",,,
1132,19.5,36.5,22.5,23.5,23.0,23.0,,,"657,800",,,
1133,19.5,36.5,22.75,23.25,23.0,23.0,,,"2,880,000",,,
1134,19.5,36.5,22.5,23.0,22.75,23.0,-0.25,1.10%,"1,310,000",,,
1135,19.5,36.5,22.25,22.75,22.5,22.75,-0.25,1.11%,"1,760,000",,,
1136,19.5,36.5,22.0,23.0,22.5,22.5,,,"968,500",,,
1137,19.5,36.5,22.5,23.75,23.0,22.5,0.5,2.17%,"1,770,000",,,
1138,19.5,36.5,23.25,24.0,23.75,23.0,0.75,3.16%,"716,200",,,
1139,19.5,36.5,23.5,24.25,23.75,23.75,,,"2,350,000",,,
1140,19.5,36.5,23.75,24.0,23.75,23.75,,,"5,610,000",,,
1141,19.5,36.5,23.0,24.0,23.0,23.75,-0.75,3.26%,"332,000",,,
1142,19.5,36.5,23.0,23.5,23.25,23.0,0.25,1.08%,"112,200",2011.0,1.0,8.0
1143,19.5,36.5,23.0,23.5,23.0,23.25,-0.25,1.09%,"466,300",2011.0,2.0,8.0
1144,19.5,36.5,23.0,23.5,23.0,23.0,,,"6,470,000",2011.0,3.0,8.0
1145,19.5,36.5,23.0,23.5,23.0,23.0,,,"1,160,000",2011.0,4.0,8.0
1146,19.5,36.5,22.0,23.5,22.25,23.0,-0.75,3.37%,"2,250,000",2011.0,5.0,8.0
1147,19.5,36.5,22.0,22.75,22.25,22.25,,,"1,730,000",2011.0,8.0,8.0
1148,19.5,36.5,20.25,22.5,20.5,22.25,-1.75,8.54%,"1,850,000",2011.0,9.0,8.0
1149,19.5,36.5,20.25,21.0,20.75,20.5,0.25,1.20%,"1,950,000",2011.0,10.0,8.0
1150,19.5,36.5,20.5,21.0,20.75,20.75,,,"3,270,000",2011.0,11.0,8.0
1151,19.5,36.5,20.75,21.0,20.75,20.75,,,"522,900",2011.0,12.0,8.0
1152,19.5,36.5,20.75,21.5,20.75,20.75,,,"103,600",,,
1153,19.5,36.5,20.5,21.25,20.75,20.75,,,"5,350,000",,,
1154,19.5,36.5,20.5,21.0,20.5,20.75,-0.25,1.22%,"2,490,000",,,
1155,19.5,36.5,20.5,21.0,20.5,20.5,,,"1,590,000",,,
1156,19.5,36.5,20.25,21.0,20.25,20.5,-0.25,1.23%,"3,950,000",,,
1157,19.5,36.5,20.25,21.0,20.25,20.25,,,"352,000",,,
1158,19.5,36.5,20.0,20.5,20.25,20.25,,,"201,900",,,
1159,19.5,36.5,19.75,20.25,19.95,20.25,-0.3,1.50%,"2,140,000",,,
1160,19.5,36.5,19.8,20.0,19.9,19.95,-0.05,0.25%,"1,030,000",,,
1161,19.5,36.5,19.5,20.0,19.9,19.9,,,"1,120,000",,,
1162,19.5,36.5,19.25,19.9,19.6,19.9,-0.3,1.53%,"197,100",,,
1163,19.5,36.5,19.0,19.5,19.4,19.6,-0.2,1.03%,"590,000",,,
1164,19.5,36.5,18.8,19.5,19.0,19.4,-0.4,2.11%,"81,700",2011.0,1.0,9.0
1165,19.5,36.5,18.9,19.4,18.95,19.0,-0.05,0.26%,"2,050,000",2011.0,2.0,9.0
1166,19.5,36.5,18.0,19.0,18.5,18.95,-0.45,2.43%,"108,300",2011.0,5.0,9.0
1167,19.5,36.5,17.65,18.5,18.0,18.5,-0.5,2.78%,"274,800",2011.0,6.0,9.0
1168,19.5,36.5,17.5,18.0,17.9,18.0,-0.1,0.56%,"117,500",2011.0,7.0,9.0
1169,19.5,36.5,17.6,18.0,17.7,17.9,-0.2,1.13%,"114,100",2011.0,8.0,9.0
1170,19.5,36.5,17.7,18.9,18.05,17.7,0.35,1.94%,"3,920,000",2011.0,9.0,9.0
1171,19.5,36.5,18.45,19.0,18.55,18.05,0.5,2.70%,"362,500",2011.0,12.0,9.0
1172,19.5,36.5,18.8,19.5,19.0,18.55,0.45,2.37%,"8,790,000",,,
1173,19.5,36.5,19.0,19.5,19.0,19.0,,,"7,190,000",,,
1174,19.5,36.5,19.0,19.5,19.05,19.0,0.05,0.26%,"341,500",,,
1175,19.5,36.5,18.9,19.5,19.05,19.05,,,"2,310,000",,,
1176,19.5,36.5,18.8,19.2,18.95,19.05,-0.1,0.53%,"1,070,000",,,
1177,19.5,36.5,18.7,18.9,18.75,18.95,-0.2,1.07%,"207,100",,,
1178,19.5,36.5,18.0,19.0,18.8,18.75,0.05,0.27%,"467,400",,,
1179,19.5,36.5,18.5,18.9,18.65,18.8,-0.15,0.80%,"3,910,000",,,
1180,19.5,36.5,18.0,18.8,18.5,18.65,-0.15,0.81%,"1,170,000",,,
1181,19.5,36.5,18.05,18.8,18.3,18.5,-0.2,1.09%,"90,600",,,
1182,19.5,36.5,18.0,18.5,18.25,18.3,-0.05,0.27%,"50,900",,,
1183,19.5,36.5,17.8,18.2,17.95,18.25,-0.3,1.67%,"1,270,000",,,
1184,19.5,36.5,17.25,18.2,17.8,17.95,-0.15,0.84%,"279,600",,,
1185,19.5,36.5,17.5,17.8,17.65,17.8,-0.15,0.85%,"339,300",,,
1186,19.5,36.5,16.5,17.8,17.2,17.65,-0.45,2.62%,"86,800",2011.0,3.0,10.0
1187,19.5,36.5,17.05,17.5,17.2,17.2,,,"1,740,000",2011.0,4.0,10.0
1188,19.5,36.5,17.05,17.7,17.55,17.2,0.35,1.99%,"14,390,000",2011.0,5.0,10.0
1189,19.5,36.5,16.95,17.55,17.0,17.55,-0.55,3.24%,"1,470,000",2011.0,6.0,10.0
1190,19.5,36.5,16.55,17.2,16.95,17.0,-0.05,0.29%,"1,400,000",2011.0,7.0,10.0
1191,19.5,36.5,17.0,17.4,17.0,16.95,0.05,0.29%,"3,170,000",2011.0,10.0,10.0
1192,19.5,36.5,17.0,17.35,17.0,17.0,,,"1,030,000",2011.0,11.0,10.0
1193,19.5,36.5,17.0,17.3,17.0,17.0,,,"7,100,000",2011.0,12.0,10.0
1194,19.5,36.5,17.0,17.5,17.0,17.0,,,"2,330,000",,,
1195,19.5,36.5,17.05,17.8,17.55,17.0,0.55,3.13%,"75,300",,,
1196,19.5,36.5,17.25,17.6,17.45,17.55,-0.1,0.57%,"291,800",,,
1197,19.5,36.5,17.5,18.5,17.75,17.45,0.3,1.69%,"61,400",,,
1198,19.5,36.5,18.0,19.0,18.45,17.75,0.7,3.79%,"117,900",,,
1199,19.5,36.5,19.0,19.5,19.0,18.45,0.55,2.89%,"4,410,000",,,
1200,19.5,36.5,18.5,19.25,18.95,19.0,-0.05,0.26%,"2,010,000",,,
1201,19.5,36.5,18.85,19.0,18.9,18.95,-0.05,0.26%,"216,900",,,
1202,19.5,36.5,18.85,19.0,18.95,18.9,0.05,0.26%,"951,900",,,
1203,19.5,36.5,19.0,19.5,19.0,18.95,0.05,0.26%,"6,610,000",,,
1204,19.5,36.5,19.0,19.5,19.45,19.0,0.45,2.31%,"5,300,000",,,
1205,19.5,36.5,19.5,20.0,19.75,19.45,0.3,1.52%,"465,800",,,
1206,19.5,36.5,19.8,21.0,20.0,19.75,0.25,1.25%,"251,700",2011.0,1.0,11.0
1207,19.5,36.5,19.0,21.0,19.85,20.0,-0.15,0.76%,"786,300",2011.0,2.0,11.0
1208,19.5,36.5,18.95,19.45,18.95,19.85,-0.9,4.75%,"3,120,000",2011.0,3.0,11.0
1209,19.5,36.5,19.0,19.5,19.25,18.95,0.3,1.56%,"44,400",2011.0,4.0,11.0
1210,19.5,36.5,19.15,19.9,19.5,19.25,0.25,1.28%,"808,000",2011.0,7.0,11.0
1211,19.5,36.5,19.5,19.9,19.75,19.5,0.25,1.27%,"1,790,000",2011.0,9.0,11.0
1212,19.5,36.5,19.8,20.0,19.95,19.75,0.2,1.00%,"3,100,000",2011.0,10.0,11.0
1213,19.5,36.5,19.7,20.0,19.8,19.95,-0.15,0.76%,"661,200",2011.0,11.0,11.0
1214,19.5,36.5,19.8,20.5,19.95,19.8,0.15,0.75%,"2,260,000",,,
1215,19.5,36.5,19.5,20.0,19.9,19.95,-0.05,0.25%,"2,190,000",,,
1216,19.5,36.5,19.5,19.95,19.6,19.9,-0.3,1.53%,"681,900",,,
1217,19.5,36.5,19.05,19.8,19.45,19.6,-0.15,0.77%,"2,730,000",,,
1218,19.5,36.5,19.1,19.6,19.45,19.45,,,"787,600",,,
1219,19.5,36.5,19.1,19.65,19.4,19.45,-0.05,0.26%,"2,880,000",,,
1220,19.5,36.5,19.05,19.65,19.45,19.4,0.05,0.26%,"1,320,000",,,
1221,19.5,36.5,18.8,19.5,19.0,19.45,-0.45,2.37%,"4,800,000",,,
1222,19.5,36.5,18.0,19.0,18.75,19.0,-0.25,1.33%,"232,000",,,
1223,19.5,36.5,17.1,18.65,18.0,18.75,-0.75,4.17%,"1,050,000",,,
1224,19.5,36.5,17.6,18.0,17.95,18.0,-0.05,0.28%,"1,220,000",,,
1225,19.5,36.5,17.55,18.0,17.85,17.95,-0.1,0.56%,"1,280,000",,,
1226,19.5,36.5,17.5,17.9,17.5,17.85,-0.35,2.00%,"3,080,000",,,
1227,19.5,36.5,17.25,17.85,17.5,17.5,,,"1,770,000",2011.0,1.0,12.0
1228,19.5,36.5,17.3,17.5,17.35,17.5,-0.15,0.86%,"48,700",2011.0,2.0,12.0
1229,19.5,36.5,17.2,17.45,17.25,17.35,-0.1,0.58%,"2,990,000",2011.0,5.0,12.0
1230,19.5,36.5,17.2,17.5,17.35,17.25,0.1,0.58%,"2,230,000",2011.0,6.0,12.0
1231,19.5,36.5,17.3,17.9,17.35,17.35,,,"316,600",2011.0,7.0,12.0
1232,19.5,36.5,17.3,17.9,17.3,17.35,-0.05,0.29%,"1,190,000",2011.0,8.0,12.0
1233,19.5,36.5,17.0,17.9,17.25,17.3,-0.05,0.29%,"840,900",2011.0,9.0,12.0
1234,19.5,36.5,17.25,17.5,17.3,17.25,0.05,0.29%,"7,390,000",,,
1235,19.5,36.5,16.55,17.5,17.0,17.3,-0.3,1.76%,"7,770,000",,,
1236,19.5,36.5,17.0,17.4,17.0,17.0,,,"1,740,000",,,
1237,19.5,36.5,16.5,17.25,17.0,17.0,,,"4,460,000",,,
1238,19.4,36.5,16.9,17.25,16.95,17.0,-0.05,0.29%,"3,130,000",,,
1239,19.5,36.5,16.95,17.0,16.95,16.95,,,"2,380,000",,,
1240,19.5,36.5,16.5,17.0,16.85,16.95,-0.1,0.59%,"1,350,000",,,
1241,19.5,36.5,16.65,17.0,16.85,16.85,,,"884,800",,,
1242,19.5,36.5,16.5,17.0,16.8,16.85,-0.05,0.30%,"300,500",,,
1243,19.5,36.5,16.5,16.8,16.7,16.8,-0.1,0.60%,"108,700",,,
1244,19.5,36.5,16.5,16.8,16.7,16.7,,,"186,800",,,
1245,19.5,36.5,16.35,16.8,16.55,16.7,-0.15,0.91%,"612,000",,,
1246,19.5,36.5,16.0,16.7,16.4,16.55,-0.15,0.91%,"353,300",,,
1247,19.55,36.5,14.15,14.45,14.3,14.35,-0.05,0.35%,"107,200",2010.0,4.0,1.0
1248,19.55,36.5,14.0,14.5,14.25,14.3,-0.05,0.35%,"122,400",2010.0,5.0,1.0
1249,19.55,36.5,14.0,14.3,14.15,14.25,-0.1,0.71%,"464,400",2010.0,6.0,1.0
1250,19.55,36.5,14.0,14.3,14.0,14.15,-0.15,1.07%,"129,900",2010.0,7.0,1.0
1251,19.55,36.5,14.05,14.5,14.35,14.0,0.35,2.44%,"956,400",2010.0,8.0,1.0
1252,19.55,36.5,14.25,14.7,14.5,14.35,0.15,1.03%,"298,800",2010.0,11.0,1.0
1253,19.55,36.5,14.2,14.5,14.35,14.5,-0.15,1.05%,"145,000",2010.0,12.0,1.0
1254,19.55,36.5,14.3,14.45,14.3,14.35,-0.05,0.35%,"289,900",,,
1255,19.55,36.5,14.25,14.4,14.3,14.3,,,"1,810,000",,,
1256,19.5,36.5,14.25,15.0,14.55,14.3,0.25,1.72%,"2,700,000",,,
1257,19.55,36.5,14.8,16.0,15.9,14.55,1.35,8.49%,"4,880,000",,,
1258,19.55,36.5,15.85,17.2,16.45,15.9,0.55,3.34%,"2,890,000",,,
1259,19.55,36.5,16.5,17.7,17.25,16.45,0.8,4.64%,"6,530,000",,,
1260,19.5,36.5,17.0,17.5,17.25,17.25,,,"11,510,000",,,
1261,19.5,36.5,16.5,17.2,16.8,17.25,-0.45,2.68%,"1,250,000",,,
1262,19.5,36.5,16.55,17.0,16.9,16.8,0.1,0.59%,"10,470,000",,,
1263,19.55,36.5,16.75,16.95,16.85,16.9,-0.05,0.30%,"20,140,000",,,
1264,19.55,36.5,16.6,16.9,16.7,16.85,-0.15,0.90%,"250,300",,,
1265,19.55,36.5,15.6,16.6,15.95,16.7,-0.75,4.70%,"597,100",,,
1266,19.5,36.5,15.8,16.75,15.95,15.95,,,"503,500",,,
1267,19.5,36.5,14.85,16.0,15.7,15.95,-0.25,1.59%,"388,200",2010.0,1.0,2.0
1268,19.5,36.5,15.0,15.95,15.7,15.7,,,"354,500",2010.0,2.0,2.0
1269,19.55,36.5,15.9,16.3,15.95,15.7,0.25,1.57%,"536,500",2010.0,3.0,2.0
1270,19.55,36.5,16.0,16.7,16.35,15.95,0.4,2.45%,"330,300",2010.0,4.0,2.0
1271,19.5,36.5,16.35,16.7,16.5,16.35,0.15,0.91%,"146,000",2010.0,5.0,2.0
1272,19.55,36.5,15.95,16.5,16.1,16.5,-0.4,2.48%,"350,800",2010.0,8.0,2.0
1273,19.55,36.5,15.9,16.05,15.9,16.1,-0.2,1.26%,"1,070,000",2010.0,9.0,2.0
1274,19.55,36.5,15.9,16.1,15.95,15.9,0.05,0.31%,"569,300",2010.0,10.0,2.0
1275,19.55,36.5,15.95,16.1,16.0,15.95,0.05,0.31%,"179,600",2010.0,11.0,2.0
1276,19.5,36.5,16.0,16.2,16.05,16.0,0.05,0.31%,"221,700",2010.0,12.0,2.0
1277,19.55,36.5,15.95,16.1,16.0,16.05,-0.05,0.31%,"467,300",,,
1278,19.55,36.5,15.7,16.05,15.9,16.0,-0.1,0.63%,"926,200",,,
1279,19.55,36.5,15.1,15.8,15.4,15.9,-0.5,3.25%,"303,000",,,
1280,19.55,36.5,15.5,15.9,15.6,15.4,0.2,1.28%,"241,300",,,
1281,19.5,36.5,15.4,15.7,15.5,15.6,-0.1,0.65%,"1,680,000",,,
1282,19.55,36.5,15.25,15.7,15.35,15.5,-0.15,0.98%,"167,300",,,
1283,19.55,36.5,15.35,15.6,15.4,15.35,0.05,0.32%,"594,300",,,
1284,19.5,36.5,15.5,16.0,15.7,15.4,0.3,1.91%,"171,600",,,
1285,19.5,36.5,15.7,15.95,15.75,15.7,0.05,0.32%,"981,700",,,
1286,19.5,36.5,15.55,15.8,15.6,15.75,-0.15,0.96%,"241,800",,,
1287,19.4,36.5,15.55,15.65,15.55,15.6,-0.05,0.32%,"222,800",2010.0,1.0,3.0
1288,19.5,36.5,15.55,15.8,15.75,15.55,0.2,1.27%,"2,120,000",2010.0,2.0,3.0
1289,19.55,36.5,15.7,16.0,15.75,15.75,,,"411,500",2010.0,3.0,3.0
1290,19.55,36.5,15.45,15.8,15.7,15.75,-0.05,0.32%,"2,850,000",2010.0,4.0,3.0
1291,19.5,36.5,15.4,15.75,15.7,15.7,,,"7,770,000",2010.0,5.0,3.0
1292,19.55,36.5,15.55,15.75,15.6,15.7,-0.1,0.64%,"3,400,000",2010.0,8.0,3.0
1293,19.55,36.5,15.6,15.75,15.6,15.6,,,"2,750,000",2010.0,9.0,3.0
1294,19.55,36.5,15.65,15.8,15.7,15.6,0.1,0.64%,"1,470,000",2010.0,10.0,3.0
1295,19.55,36.5,15.6,15.8,15.7,15.7,,,"317,800",2010.0,11.0,3.0
1296,19.5,36.5,15.4,15.75,15.6,15.7,-0.1,0.64%,"243,100",2010.0,12.0,3.0
1297,19.55,36.5,15.5,15.8,15.55,15.6,-0.05,0.32%,"1,560,000",,,
1298,19.55,36.5,15.6,15.7,15.6,15.55,0.05,0.32%,"1,980,000",,,
1299,19.55,36.5,15.6,16.0,15.8,15.6,0.2,1.27%,"1,590,000",,,
1300,19.55,36.5,15.6,16.0,15.9,15.8,0.1,0.63%,"3,060,000",,,
1301,19.5,36.5,15.7,16.05,15.85,15.9,-0.05,0.32%,"1,140,000",,,
1302,19.55,36.5,15.75,16.0,15.9,15.85,0.05,0.31%,"825,000",,,
1303,19.55,36.5,15.6,15.95,15.85,15.9,-0.05,0.32%,"732,000",,,
1304,19.55,36.5,15.6,15.85,15.75,15.85,-0.1,0.63%,"1,950,000",,,
1305,19.55,36.5,15.75,16.0,15.85,15.75,0.1,0.63%,"542,700",,,
1306,19.5,36.5,15.4,15.8,15.65,15.85,-0.2,1.28%,"1,990,000",,,
1307,19.55,36.5,15.0,15.8,15.65,15.65,,,"1,240,000",,,
1308,19.5,36.5,15.65,15.85,15.75,15.65,0.1,0.63%,"3,250,000",,,
1309,19.5,36.5,15.7,15.85,15.8,15.75,0.05,0.32%,"1,280,000",,,
1310,19.5,36.5,15.7,16.0,15.95,15.8,0.15,0.94%,"4,410,000",2010.0,1.0,4.0
1311,19.55,36.5,15.8,16.0,15.9,15.95,-0.05,0.31%,"336,500",2010.0,6.0,4.0
1312,19.5,36.5,15.8,16.0,15.9,15.9,,,"772,000",2010.0,7.0,4.0
1313,19.55,36.5,15.9,16.0,15.95,15.9,0.05,0.31%,"1,080,000",2010.0,8.0,4.0
1314,19.5,36.5,15.95,16.05,15.95,15.95,,,"3,720,000",2010.0,9.0,4.0
1315,19.55,36.5,16.0,16.5,16.0,15.95,0.05,0.31%,"642,300",2010.0,12.0,4.0
1316,19.55,36.5,15.9,16.4,16.15,16.0,0.15,0.93%,"2,460,000",,,
1317,19.55,36.5,16.2,16.55,16.35,16.15,0.2,1.22%,"551,300",,,
1318,19.55,36.5,16.0,17.1,16.9,16.35,0.55,3.25%,"457,400",,,
1319,19.5,36.5,16.0,17.3,17.15,16.9,0.25,1.46%,"2,010,000",,,
1320,19.5,36.5,17.0,17.3,17.05,17.15,-0.1,0.59%,"1,570,000",,,
1321,19.55,36.5,17.1,17.55,17.4,17.05,0.35,2.01%,"2,910,000",,,
1322,19.55,36.5,17.5,17.95,17.7,17.4,0.3,1.69%,"418,000",,,
1323,19.55,36.5,17.7,18.25,17.95,17.7,0.25,1.39%,"11,900,000",,,
1324,19.5,36.5,18.0,19.0,18.4,17.95,0.45,2.45%,"1,410,000",,,
1325,19.5,36.5,18.0,19.2,18.85,18.4,0.45,2.39%,"2,160,000",,,
1326,19.55,36.5,19.0,19.8,19.2,18.85,0.35,1.82%,"4,970,000",,,
1327,19.55,36.5,19.3,19.8,19.5,19.2,0.3,1.54%,"3,060,000",,,
1328,19.55,36.5,18.5,19.5,19.15,19.5,-0.35,1.83%,"1,490,000",,,
1329,19.5,36.5,18.45,18.9,18.55,19.15,-0.6,3.23%,"650,700",,,
1330,19.55,36.5,18.3,19.0,18.5,18.55,-0.05,0.27%,"673,700",2010.0,3.0,5.0
1331,19.55,36.5,18.45,18.95,18.5,18.5,,,"2,710,000",2010.0,4.0,5.0
1332,19.55,36.5,18.65,19.0,18.7,18.5,0.2,1.07%,"4,760,000",2010.0,5.0,5.0
1333,19.55,36.5,18.8,19.3,19.0,18.7,0.3,1.58%,"932,500",2010.0,6.0,5.0
1334,19.5,36.5,19.0,19.3,19.05,19.0,0.05,0.26%,"848,700",2010.0,7.0,5.0
1335,19.55,36.5,18.9,19.2,19.05,19.05,,,"523,700",2010.0,10.0,5.0
1336,19.55,36.5,18.95,19.2,19.0,19.05,-0.05,0.26%,"707,800",2010.0,11.0,5.0
1337,19.55,36.5,18.8,19.1,18.95,19.0,-0.05,0.26%,"565,300",2010.0,12.0,5.0
1338,19.55,36.5,18.9,19.1,18.95,18.95,,,"3,490,000",,,
1339,19.5,36.5,18.0,19.1,19.0,18.95,0.05,0.26%,"466,700",,,
1340,19.5,36.5,18.95,19.3,19.1,19.0,0.1,0.52%,"483,200",,,
1341,19.55,36.5,19.2,19.8,19.45,19.1,0.35,1.80%,"2,470,000",,,
1342,19.55,36.5,19.3,21.25,21.0,19.45,1.55,7.38%,"4,270,000",,,
1343,19.55,36.5,20.0,23.0,21.75,21.0,0.75,3.45%,"3,600,000",,,
1344,19.5,36.5,21.25,23.0,22.0,21.75,0.25,1.14%,"2,120,000",,,
1345,19.5,36.5,21.75,24.0,23.0,22.0,1,4.35%,"3,800,000",,,
1346,19.55,36.5,22.0,25.25,24.0,23.0,1,4.17%,"5,740,000",,,
1347,19.55,36.5,21.75,24.0,22.5,24.0,-1.5,6.67%,"1,800,000",,,
1348,19.55,36.5,20.5,22.5,21.0,22.5,-1.5,7.14%,"2,520,000",,,
1349,19.5,36.5,20.5,22.5,21.25,21.0,0.25,1.18%,"3,200,000",,,
1350,19.5,36.5,21.75,23.0,22.5,21.25,1.25,5.56%,"706,700",,,
1351,19.55,36.5,22.25,23.5,22.75,22.5,0.25,1.10%,"1,460,000",2010.0,2.0,6.0
1352,19.55,36.5,23.0,24.0,23.25,22.75,0.5,2.15%,"480,300",2010.0,3.0,6.0
1353,19.5,36.5,23.0,24.0,23.5,23.25,0.25,1.06%,"1,590,000",2010.0,4.0,6.0
1354,19.5,36.5,23.5,24.25,23.75,23.5,0.25,1.05%,"2,330,000",2010.0,7.0,6.0
1355,19.55,36.5,23.75,24.25,24.0,23.75,0.25,1.04%,"3,010,000",2010.0,8.0,6.0
1356,19.55,36.5,23.0,24.0,23.25,24.0,-0.75,3.23%,"3,500,000",2010.0,9.0,6.0
1357,19.55,36.5,23.25,24.0,23.25,23.25,,,"212,200",2010.0,10.0,6.0
1358,19.5,36.5,23.0,24.0,23.75,23.25,0.5,2.11%,"1,340,000",2010.0,11.0,6.0
1359,19.5,36.5,23.75,24.25,24.0,23.75,0.25,1.04%,"4,390,000",,,
1360,19.55,36.5,24.0,25.0,24.25,24.0,0.25,1.03%,"1,820,000",,,
1361,19.55,36.5,23.5,24.75,24.25,24.25,,,"1,430,000",,,
1362,19.55,36.5,23.5,24.5,23.75,24.25,-0.5,2.11%,"2,110,000",,,
1363,19.5,36.5,23.0,24.25,23.5,23.75,-0.25,1.06%,"404,200",,,
1364,19.55,36.5,23.25,23.75,23.5,23.5,,,"321,000",,,
1365,19.55,36.5,23.5,23.75,23.5,23.5,,,"2,620,000",,,
1366,19.55,36.5,23.25,24.0,23.5,23.5,,,"6,040,000",,,
1367,19.55,36.5,23.5,24.0,23.5,23.5,,,"2,920,000",,,
1368,19.5,36.5,23.5,24.0,23.5,23.5,,,"1,000,000",,,
1369,19.5,36.5,23.5,24.25,23.75,23.5,0.25,1.05%,"4,020,000",,,
1370,19.5,36.5,23.75,24.0,23.75,23.75,,,"427,200",,,
1371,19.5,36.5,23.75,24.0,23.75,23.75,,,"6,510,000",,,
1372,19.5,36.5,23.75,24.0,23.75,23.75,,,"1,930,000",2010.0,1.0,7.0
1373,19.5,36.5,23.5,24.0,23.5,23.75,-0.25,1.06%,"3,010,000",2010.0,2.0,7.0
1374,19.55,36.5,23.75,24.0,23.75,23.5,0.25,1.05%,"2,720,000",2010.0,5.0,7.0
1375,19.55,36.5,23.0,23.75,23.5,23.75,-0.25,1.06%,"3,190,000",2010.0,6.0,7.0
1376,19.55,36.5,22.0,23.75,23.0,23.5,-0.5,2.17%,"2,290,000",2010.0,7.0,7.0
1377,19.55,36.5,22.5,23.75,22.75,23.0,-0.25,1.10%,"310,200",2010.0,8.0,7.0
1378,19.5,36.5,22.5,23.75,22.75,22.75,,,"563,100",2010.0,9.0,7.0
1379,19.55,36.5,22.75,23.0,22.75,22.75,,,"999,900",2010.0,12.0,7.0
1380,19.5,36.5,22.5,23.0,22.75,22.75,,,"675,000",,,
1381,19.55,36.5,22.75,23.0,22.75,22.75,,,"390,000",,,
1382,19.5,36.5,22.75,23.75,23.0,22.75,0.25,1.09%,"1,880,000",,,
1383,19.5,36.5,23.25,24.0,23.5,23.0,0.5,2.13%,"2,530,000",,,
1384,19.55,36.5,23.5,24.5,23.75,23.5,0.25,1.05%,"4,370,000",,,
1385,19.55,36.5,24.0,24.5,24.0,23.75,0.25,1.04%,"1,280,000",,,
1386,19.55,36.5,23.0,24.25,23.75,24.0,-0.25,1.05%,"3,370,000",,,
1387,19.55,36.5,23.0,24.0,23.5,23.75,-0.25,1.06%,"303,800",,,
1388,19.5,36.5,22.75,23.5,23.25,23.5,-0.25,1.08%,"404,000",,,
1389,19.55,36.5,23.0,23.5,23.25,23.25,,,"893,200",,,
1390,19.55,36.5,23.0,24.0,23.25,23.25,,,"1,510,000",,,
1391,19.55,36.5,23.0,24.0,23.5,23.25,0.25,1.06%,"2,770,000",,,
1392,19.55,36.5,23.75,24.0,23.75,23.5,0.25,1.05%,"1,790,000",,,
1393,19.5,36.5,23.75,24.0,23.75,23.75,,,"2,410,000",,,
1394,19.55,36.5,23.75,24.25,23.75,23.75,,,"7,020,000",2010.0,2.0,8.0
1395,19.55,36.5,24.0,25.0,24.0,23.75,0.25,1.04%,"4,490,000",2010.0,3.0,8.0
1396,19.55,36.5,25.0,26.0,25.25,24.0,1.25,4.95%,"729,000",2010.0,5.0,8.0
1397,19.5,36.5,25.25,25.75,25.5,25.25,0.25,0.98%,"3,440,000",2010.0,6.0,8.0
1398,19.55,36.5,26.0,27.75,26.75,25.5,1.25,4.67%,"618,900",2010.0,9.0,8.0
1399,19.55,36.5,25.25,27.0,25.75,26.75,-1,3.88%,"2,690,000",2010.0,10.0,8.0
1400,19.55,36.5,24.75,25.75,25.0,25.75,-0.75,3.00%,"2,870,000",2010.0,11.0,8.0
1401,19.55,36.5,24.0,25.25,24.25,25.0,-0.75,3.09%,"1,100,000",2010.0,12.0,8.0
1402,19.5,36.5,24.25,25.0,24.5,24.25,0.25,1.02%,"790,000",,,
1403,19.55,36.5,24.75,25.75,25.0,24.5,0.5,2.00%,"923,000",,,
1404,19.55,36.5,24.75,26.0,25.25,25.0,0.25,0.99%,"1,070,000",,,
1405,19.55,36.5,25.5,26.0,25.75,25.25,0.5,1.94%,"2,190,000",,,
1406,19.55,36.5,25.75,26.0,25.75,25.75,,,"488,100",,,
1407,19.5,36.5,25.5,26.0,25.75,25.75,,,"777,300",,,
1408,19.55,36.5,24.5,26.0,25.0,25.75,-0.75,3.00%,"385,800",,,
1409,19.55,36.5,24.5,25.0,24.75,25.0,-0.25,1.01%,"1,500,000",,,
1410,19.55,36.5,24.75,25.0,24.75,24.75,,,"718,500",,,
1411,19.55,36.5,24.5,25.0,24.75,24.75,,,"520,600",,,
1412,19.55,36.5,24.5,25.25,25.0,24.75,0.25,1.00%,"2,940,000",,,
1413,19.55,36.5,25.0,25.25,25.0,25.0,,,"464,700",,,
1414,19.5,36.5,25.0,25.5,25.0,25.0,,,"420,300",2010.0,1.0,9.0
1415,19.55,36.5,25.25,26.0,25.75,25.0,0.75,2.91%,"559,200",2010.0,2.0,9.0
1416,19.55,36.5,25.75,26.0,25.75,25.75,,,"1,080,000",2010.0,3.0,9.0
1417,19.55,36.5,25.25,26.0,25.5,25.75,-0.25,0.98%,"2,100,000",2010.0,6.0,9.0
1418,19.55,36.5,25.0,25.75,25.25,25.5,-0.25,0.99%,"883,300",2010.0,7.0,9.0
1419,19.55,36.5,25.25,25.75,25.25,25.25,,,"851,200",2010.0,8.0,9.0
1420,19.55,36.5,25.25,25.5,25.25,25.25,,,"519,600",2010.0,9.0,9.0
1421,19.55,36.5,25.25,25.75,25.25,25.25,,,"283,200",2010.0,10.0,9.0
1422,19.55,36.5,25.0,25.5,25.0,25.25,-0.25,1.00%,"463,100",,,
1423,19.55,36.5,25.0,25.75,25.25,25.0,0.25,0.99%,"3,560,000",,,
1424,19.55,36.5,25.5,25.75,25.5,25.25,0.25,0.98%,"549,700",,,
1425,19.55,36.5,25.25,25.75,25.25,25.5,-0.25,0.99%,"1,140,000",,,
1426,19.55,36.5,25.0,25.75,25.25,25.25,,,"1,480,000",,,
1427,19.55,36.5,25.5,25.75,25.5,25.25,0.25,0.98%,"356,800",,,
1428,19.55,36.5,25.5,26.0,25.5,25.5,,,"2,350,000",,,
1429,19.55,36.5,25.5,25.75,25.5,25.5,,,"980,700",,,
1430,19.55,36.5,25.5,26.0,25.5,25.5,,,"5,170,000",,,
1431,19.55,36.5,25.5,25.75,25.5,25.5,,,"1,030,000",,,
1432,19.55,36.5,25.75,26.25,25.75,25.5,0.25,0.97%,"4,730,000",,,
1433,19.55,36.5,25.75,26.25,26.0,25.75,0.25,0.96%,"949,900",,,
1434,19.5,36.5,26.0,27.0,26.5,26.0,0.5,1.89%,"1,120,000",,,
1435,19.55,36.5,26.75,27.0,26.75,26.5,0.25,0.93%,"1,980,000",,,
1436,19.55,36.5,26.5,27.0,26.75,26.75,,,"2,810,000",2010.0,1.0,10.0
1437,19.55,36.5,26.75,27.0,26.75,26.75,,,"8,370,000",2010.0,4.0,10.0
1438,19.55,36.5,26.75,27.0,26.75,26.75,,,"1,960,000",2010.0,5.0,10.0
1439,19.55,36.5,26.75,27.0,26.75,26.75,,,"4,220,000",2010.0,6.0,10.0
1440,19.55,36.5,26.75,27.0,26.75,26.75,,,"848,100",2010.0,7.0,10.0
1441,19.55,36.5,26.5,27.0,26.75,26.75,,,"33,500,000",2010.0,8.0,10.0
1442,19.55,36.5,26.0,27.0,26.5,26.75,-0.25,0.94%,"796,100",2010.0,11.0,10.0
1443,19.55,36.5,26.5,27.0,26.5,26.5,,,"359,500",2010.0,12.0,10.0
1444,19.55,36.5,26.5,27.0,26.5,26.5,,,"1,320,000",,,
1445,19.5,36.5,26.25,26.75,26.25,26.5,-0.25,0.95%,"458,700",,,
1446,19.55,36.5,26.25,26.5,26.25,26.25,,,"1,240,000",,,
1447,19.55,36.5,26.5,27.0,26.5,26.25,0.25,0.94%,"430,900",,,
1448,19.5,36.5,26.5,27.0,26.75,26.5,0.25,0.93%,"4,290,000",,,
1449,19.55,36.5,26.25,27.0,26.5,26.75,-0.25,0.94%,"527,500",,,
1450,19.55,36.5,26.25,26.75,26.25,26.5,-0.25,0.95%,"1,450,000",,,
1451,19.55,36.5,26.5,26.75,26.5,26.25,0.25,0.94%,"503,100",,,
1452,19.55,36.5,26.5,27.0,26.5,26.5,,,"1,270,000",,,
1453,19.55,36.5,26.5,27.0,26.5,26.5,,,"4,330,000",,,
1454,19.55,36.5,26.25,26.75,26.5,26.5,,,"1,370,000",,,
1455,19.55,36.5,26.0,26.75,26.25,26.5,-0.25,0.95%,"465,200",,,
1456,19.55,36.5,25.75,26.5,25.75,26.25,-0.5,1.94%,"770,400",2010.0,1.0,11.0
1457,19.55,36.5,25.75,26.25,26.0,25.75,0.25,0.96%,"3,590,000",2010.0,2.0,11.0
1458,19.55,36.5,26.0,26.5,26.0,26.0,,,"2,040,000",2010.0,3.0,11.0
1459,19.55,36.5,26.0,26.75,26.25,26.0,0.25,0.95%,"851,100",2010.0,4.0,11.0
1460,19.55,36.5,26.25,26.75,26.5,26.25,0.25,0.94%,"1,160,000",2010.0,5.0,11.0
1461,19.55,36.5,26.25,27.0,26.5,26.5,,,"4,010,000",2010.0,8.0,11.0
1462,19.55,36.5,26.25,26.75,26.5,26.5,,,"1,230,000",2010.0,9.0,11.0
1463,19.55,36.5,26.25,27.0,26.5,26.5,,,"2,880,000",2010.0,10.0,11.0
1464,19.55,36.5,26.5,27.0,26.75,26.5,0.25,0.93%,"1,660,000",2010.0,11.0,11.0
1465,19.55,36.5,26.75,27.0,26.75,26.75,,,"468,100",2010.0,12.0,11.0
1466,19.55,36.5,26.75,27.0,26.75,26.75,,,"710,300",,,
1467,19.55,36.5,26.25,26.75,26.5,26.75,-0.25,0.94%,"1,620,000",,,
1468,19.5,36.5,26.25,26.5,26.25,26.5,-0.25,0.95%,"2,050,000",,,
1469,19.5,36.5,26.0,26.5,26.25,26.25,,,"889,100",,,
1470,19.5,36.5,26.25,26.5,26.25,26.25,,,"1,540,000",,,
1471,19.55,36.5,26.0,26.5,26.25,26.25,,,"1,060,000",,,
1472,19.55,36.5,25.5,26.25,25.75,26.25,-0.5,1.94%,"2,080,000",,,
1473,19.55,36.5,25.75,26.0,25.75,25.75,,,"1,310,000",,,
1474,19.55,36.5,25.75,26.0,25.75,25.75,,,"502,800",,,
1475,19.55,36.5,25.75,26.0,25.75,25.75,,,"1,690,000",,,
1476,19.5,36.5,25.75,26.0,25.75,25.75,,,"2,230,000",,,
1477,19.5,36.5,25.25,26.0,25.5,25.75,-0.25,0.98%,"2,410,000",,,
1478,19.5,36.5,25.75,26.25,25.75,25.5,0.25,0.97%,"1,240,000",2010.0,1.0,12.0
1479,19.5,36.5,25.75,26.25,26.0,25.75,0.25,0.96%,"1,210,000",2010.0,2.0,12.0
1480,19.5,36.5,25.75,27.75,26.0,26.0,,,"2,260,000",2010.0,3.0,12.0
1481,19.5,36.5,25.75,26.5,26.0,26.0,,,"884,100",2010.0,6.0,12.0
1482,19.5,36.5,25.75,26.5,25.75,26.0,-0.25,0.97%,"1,470,000",2010.0,7.0,12.0
1483,19.5,36.5,25.75,26.0,25.75,25.75,,,"1,780,000",2010.0,8.0,12.0
1484,19.5,36.5,25.0,26.0,25.5,25.75,-0.25,0.98%,"2,580,000",2010.0,9.0,12.0
1485,19.5,36.5,24.5,25.25,24.75,25.5,-0.75,3.03%,"292,800",2010.0,10.0,12.0
1486,19.5,36.5,24.5,25.25,24.75,24.75,,,"615,400",,,
1487,19.5,36.5,25.0,26.0,25.0,24.75,0.25,1.00%,"435,800",,,
1488,19.5,36.5,24.75,25.75,25.0,25.0,,,"966,600",,,
1489,19.5,36.5,25.0,25.75,25.25,25.0,0.25,0.99%,"2,020,000",,,
1490,19.5,36.5,24.75,25.5,25.0,25.25,-0.25,1.00%,"459,000",,,
1491,19.5,36.5,25.0,25.5,25.0,25.0,,,"307,600",,,
1492,19.5,36.5,25.0,25.5,25.0,25.0,,,"709,800",,,
1493,19.5,36.5,25.25,26.0,25.75,25.0,0.75,2.91%,"864,700",,,
1494,19.5,36.5,25.75,26.5,26.0,25.75,0.25,0.96%,"364,300",,,
1495,19.5,36.5,25.75,26.75,26.0,26.0,,,"213,900",,,
1496,19.5,36.5,26.0,26.75,26.25,26.0,0.25,0.95%,"182,200",,,
1497,19.5,36.5,26.25,27.0,26.5,26.25,0.25,0.94%,"2,580,000",,,
1498,19.5,36.5,26.25,26.75,26.5,26.5,,,"1,920,000",,,
1499,19.5,36.5,26.5,27.25,26.75,26.5,0.25,0.93%,"141,600",,,
